type_id,usage_name
ACOGOptic,Military
ACOGOptic_6x,Military
AirborneMask,Military
AK101,Military
AK74,Military
AK74_Hndgrd,Military
AK74_WoodBttstck,Military
AKM,Military
AKS74U,Military
AKS74U,Police
AKS74U_Bttstck,Military
AK_Bayonet,Military
AK_FoldingBttstck,Military
AK_PlasticBttstck,Military
AK_PlasticHndgrd,Military
AK_RailHndgrd,Military
AK_Suppressor,Military
AK_WoodBttstck,Military
AK_WoodHndgrd,Military
AlarmClock_Blue,Town
AlarmClock_Blue,Office
AlarmClock_Blue,School
AlarmClock_Blue,Farm
AlarmClock_Blue,Village
AlarmClock_Green,Town
AlarmClock_Green,Office
AlarmClock_Green,School
AlarmClock_Green,Farm
AlarmClock_Green,Village
AlarmClock_Red,Town
AlarmClock_Red,Office
AlarmClock_Red,School
AlarmClock_Red,Farm
AlarmClock_Red,Village
AliceBag_Black,Military
AliceBag_Camo,Military
AliceBag_Green,Military
AmmoBox,Military
AmmoBox_00buck_10rnd,Military
AmmoBox_00buck_10rnd,Police
AmmoBox_00buck_10rnd,Town
AmmoBox_00buck_10rnd,Farm
AmmoBox_00buck_10rnd,Village
AmmoBox_00buck_10rnd,Coast
AmmoBox_00buck_10rnd,Hunting
AmmoBox_00buck_10rnd,Industrial
AmmoBox_00buck_10rnd,Firefighter
AmmoBox_12gaRubberSlug_10Rnd,Military
AmmoBox_12gaRubberSlug_10Rnd,Police
AmmoBox_12gaRubberSlug_10Rnd,Town
AmmoBox_12gaRubberSlug_10Rnd,Farm
AmmoBox_12gaRubberSlug_10Rnd,Village
AmmoBox_12gaRubberSlug_10Rnd,Coast
AmmoBox_12gaRubberSlug_10Rnd,Hunting
AmmoBox_12gaRubberSlug_10Rnd,Industrial
AmmoBox_12gaRubberSlug_10Rnd,Firefighter
AmmoBox_12gaSlug_10Rnd,Military
AmmoBox_12gaSlug_10Rnd,Police
AmmoBox_12gaSlug_10Rnd,Town
AmmoBox_12gaSlug_10Rnd,Farm
AmmoBox_12gaSlug_10Rnd,Village
AmmoBox_12gaSlug_10Rnd,Coast
AmmoBox_12gaSlug_10Rnd,Hunting
AmmoBox_12gaSlug_10Rnd,Industrial
AmmoBox_12gaSlug_10Rnd,Firefighter
AmmoBox_22_50Rnd,Military
AmmoBox_22_50Rnd,Police
AmmoBox_22_50Rnd,Town
AmmoBox_22_50Rnd,Office
AmmoBox_22_50Rnd,School
AmmoBox_22_50Rnd,Farm
AmmoBox_22_50Rnd,Village
AmmoBox_22_50Rnd,Coast
AmmoBox_22_50Rnd,Hunting
AmmoBox_22_50Rnd,Industrial
AmmoBox_22_50Rnd,Firefighter
AmmoBox_308WinTracer_20Rnd,Military
AmmoBox_308WinTracer_20Rnd,Police
AmmoBox_308Win_20Rnd,Coast
AmmoBox_308Win_20Rnd,Hunting
AmmoBox_357_20Rnd,Military
AmmoBox_357_20Rnd,Police
AmmoBox_380_35rnd,Military
AmmoBox_380_35rnd,Police
AmmoBox_45ACP_25rnd,Military
AmmoBox_45ACP_25rnd,Police
AmmoBox_45ACP_25rnd,Farm
AmmoBox_45ACP_25rnd,Village
AmmoBox_45ACP_25rnd,Industrial
AmmoBox_45ACP_25rnd,Firefighter
AmmoBox_545x39Tracer_20Rnd,Military
AmmoBox_545x39Tracer_20Rnd,Police
AmmoBox_545x39_20Rnd,Military
AmmoBox_556x45Tracer_20Rnd,Military
AmmoBox_556x45Tracer_20Rnd,Police
AmmoBox_556x45_20Rnd,Military
AmmoBox_762x39Tracer_20Rnd,Military
AmmoBox_762x39Tracer_20Rnd,Police
AmmoBox_762x39_20Rnd,Military
AmmoBox_762x54Tracer_20Rnd,Military
AmmoBox_762x54Tracer_20Rnd,Police
AmmoBox_762x54_20Rnd,Military
AmmoBox_9x19_25rnd,Military
AmmoBox_9x19_25rnd,Police
AmmoBox_9x19_25rnd,Town
AmmoBox_9x19_25rnd,Farm
AmmoBox_9x19_25rnd,Village
AmmoBox_9x19_25rnd,Coast
AmmoBox_9x19_25rnd,Hunting
AmmoBox_9x19_25rnd,Firefighter
AmmoBox_9x39AP_20Rnd,Military
AmmoBox_9x39_20Rnd,Military
Ammo_12gaPellets,Military
Ammo_12gaPellets,Police
Ammo_12gaPellets,Town
Ammo_12gaPellets,Office
Ammo_12gaPellets,School
Ammo_12gaPellets,Farm
Ammo_12gaPellets,Village
Ammo_12gaPellets,Coast
Ammo_12gaPellets,Hunting
Ammo_12gaPellets,Industrial
Ammo_12gaPellets,Firefighter
Ammo_12gaRubberSlug,Military
Ammo_12gaRubberSlug,Police
Ammo_12gaRubberSlug,Town
Ammo_12gaRubberSlug,Office
Ammo_12gaRubberSlug,School
Ammo_12gaRubberSlug,Farm
Ammo_12gaRubberSlug,Village
Ammo_12gaRubberSlug,Coast
Ammo_12gaRubberSlug,Hunting
Ammo_12gaRubberSlug,Industrial
Ammo_12gaRubberSlug,Firefighter
Ammo_12gaSlug,Military
Ammo_12gaSlug,Police
Ammo_12gaSlug,Town
Ammo_12gaSlug,Farm
Ammo_12gaSlug,Village
Ammo_12gaSlug,Coast
Ammo_12gaSlug,Hunting
Ammo_12gaSlug,Industrial
Ammo_12gaSlug,Firefighter
Ammo_22,Military
Ammo_22,Police
Ammo_22,Town
Ammo_22,School
Ammo_22,Farm
Ammo_22,Village
Ammo_22,Coast
Ammo_22,Hunting
Ammo_22,Industrial
Ammo_22,Firefighter
Ammo_308Win,Military
Ammo_308Win,Police
Ammo_308Win,Farm
Ammo_308Win,Village
Ammo_308Win,Coast
Ammo_308Win,Hunting
Ammo_308WinTracer,Military
Ammo_357,Police
Ammo_357,Town
Ammo_357,Farm
Ammo_357,Village
Ammo_357,Coast
Ammo_357,Hunting
Ammo_380,Police
Ammo_380,Town
Ammo_380,Farm
Ammo_380,Village
Ammo_380,Coast
Ammo_380,Hunting
Ammo_40mm_Explosive,Military
Ammo_40mm_Smoke_Black,Military
Ammo_40mm_Smoke_Black,Police
Ammo_40mm_Smoke_Green,Military
Ammo_40mm_Smoke_Green,Police
Ammo_40mm_Smoke_Red,Military
Ammo_40mm_Smoke_Red,Police
Ammo_40mm_Smoke_White,Military
Ammo_40mm_Smoke_White,Police
Ammo_45ACP,Military
Ammo_45ACP,Police
Ammo_45ACP,Farm
Ammo_45ACP,Village
Ammo_45ACP,Industrial
Ammo_45ACP,Firefighter
Ammo_545x39,Military
Ammo_545x39,Police
Ammo_545x39Tracer,Military
Ammo_545x39Tracer,Police
Ammo_556x45,Military
Ammo_556x45,Police
Ammo_556x45Tracer,Military
Ammo_556x45Tracer,Police
Ammo_762x39,Military
Ammo_762x39,Police
Ammo_762x39,Farm
Ammo_762x39,Village
Ammo_762x39,Hunting
Ammo_762x39Tracer,Military
Ammo_762x39Tracer,Police
Ammo_762x54,Military
Ammo_762x54,Police
Ammo_762x54,Farm
Ammo_762x54,Village
Ammo_762x54,Hunting
Ammo_762x54Tracer,Military
Ammo_762x54Tracer,Police
Ammo_9x19,Military
Ammo_9x19,Police
Ammo_9x19,Town
Ammo_9x19,Farm
Ammo_9x19,Village
Ammo_9x19,Coast
Ammo_9x19,Hunting
Ammo_9x19,Industrial
Ammo_9x19,Firefighter
Ammo_9x39,Military
Ammo_9x39,Police
Ammo_9x39AP,Military
Ammo_9x39AP,Police
Ammo_40mm_ChemGas,Military
Ammo_Flare,Police
Ammo_Flare,Coast
Ammo_Flare,Firefighter
Ammo_FlareBlue,Military
Ammo_FlareBlue,Police
Ammo_FlareBlue,Coast
Ammo_FlareBlue,Hunting
Ammo_FlareBlue,Firefighter
Ammo_FlareGreen,Military
Ammo_FlareGreen,Police
Ammo_FlareGreen,Coast
Ammo_FlareGreen,Hunting
Ammo_FlareGreen,Firefighter
Ammo_FlareRed,Military
Ammo_FlareRed,Police
Ammo_FlareRed,Coast
Ammo_FlareRed,Hunting
Ammo_FlareRed,Firefighter
Ammo_HuntingBolt,Hunting
AnniversaryBox,SeasonalEvent
AntiChemInjector,Military
AntiChemInjector,Medic
ArmyPouch_Beige,Military
ArmyPouch_Beige,Police
ArmyPouch_Black,Military
ArmyPouch_Camo,Military
ArmyPouch_Camo,Police
ArmyPouch_Green,Military
ArmyPouch_Green,Police
AssaultBag_Black,Military
AssaultBag_Green,Military
AssaultBag_Ttsko,Military
AssaultBag_Winter,Military
ASVAL,Military
AthleticShoes_Black,Town
AthleticShoes_Black,Farm
AthleticShoes_Black,Village
AthleticShoes_Blue,Town
AthleticShoes_Blue,Farm
AthleticShoes_Blue,Village
AthleticShoes_Brown,Town
AthleticShoes_Brown,Farm
AthleticShoes_Brown,Village
AthleticShoes_Green,Town
AthleticShoes_Green,Farm
AthleticShoes_Green,Village
AthleticShoes_Grey,Town
AthleticShoes_Grey,Farm
AthleticShoes_Grey,Village
Aug,Military
AugShort,Military
AviatorGlasses,Military
AviatorGlasses,Police
B95,Town
B95,Farm
B95,Village
B95,Coast
B95,Hunting
B95,Industrial
BDUJacket,Military
BDUPants,Military
BUISOptic,Military
BakedBeansCan,Town
BakedBeansCan,Village
Balaclava3Holes_Beige,Town
Balaclava3Holes_Beige,Farm
Balaclava3Holes_Beige,Village
Balaclava3Holes_Black,Military
Balaclava3Holes_Blue,Coast
Balaclava3Holes_Green,Hunting
Balaclava3Holes_White,Military
Balaclava3Holes_White,Coast
Balaclava3Holes_White,Hunting
BalaclavaMask_BDU,Military
BalaclavaMask_Beige,Town
BalaclavaMask_Beige,School
BalaclavaMask_Beige,Farm
BalaclavaMask_Beige,Village
BalaclavaMask_Beige,Industrial
BalaclavaMask_Pig,Military
BalaclavaMask_Pig,Medic
BalaclavaMask_Pig,Firefighter
BalaclavaMask_Pig,Industrial
BalaclavaMask_Pig,Farm
BalaclavaMask_Pig,Coast
BalaclavaMask_Pig,Town
BalaclavaMask_Pig,Village
BalaclavaMask_Pig,Hunting
BalaclavaMask_Pig,Office
BalaclavaMask_Pig,School
BalaclavaMask_Pig,SeasonalEvent
BalaclavaMask_Pig,ContaminatedArea
BalaclavaMask_Pig,Special
BalaclavaMask_Pig,Lunapark
BalaclavaMask_Pig,Underground
BalaclavaMask_Black,Military
BalaclavaMask_Blackskull,Military
BalaclavaMask_Blue,Town
BalaclavaMask_Blue,School
BalaclavaMask_Blue,Farm
BalaclavaMask_Blue,Village
BalaclavaMask_Blue,Industrial
BalaclavaMask_Green,Coast
BalaclavaMask_Green,Hunting
BalaclavaMask_Pink,Town
BalaclavaMask_Pink,School
BalaclavaMask_Pink,Farm
BalaclavaMask_Pink,Village
BalaclavaMask_Pink,Industrial
BalaclavaMask_White,Town
BalaclavaMask_White,School
BalaclavaMask_White,Farm
BalaclavaMask_White,Village
BalaclavaMask_White,Industrial
BallisticHelmet_BDU,Military
BallisticHelmet_Desert,Military
BallisticHelmet_Navy,Military
BallisticHelmet_Winter,Military
BallisticHelmet_UN,Military
BallisticHelmet_Woodland,Military
BandageDressing,Medic
Bandana_Blackpattern,Farm
Bandana_Blackpattern,Village
Bandana_Blackpattern,Hunting
Bandana_Blackpattern,Town
Bandana_Blackpattern,Industrial
Bandana_Camopattern,Farm
Bandana_Camopattern,Village
Bandana_Camopattern,Hunting
Bandana_Camopattern,Town
Bandana_Camopattern,Industrial
Bandana_Greenpattern,Farm
Bandana_Greenpattern,Village
Bandana_Greenpattern,Hunting
Bandana_Greenpattern,Town
Bandana_Greenpattern,Industrial
Bandana_Polkapattern,Farm
Bandana_Polkapattern,Village
Bandana_Polkapattern,Hunting
Bandana_Polkapattern,Town
Bandana_Polkapattern,Industrial
Bandana_Redpattern,Farm
Bandana_Redpattern,Village
Bandana_Redpattern,Hunting
Bandana_Redpattern,Town
Bandana_Redpattern,Industrial
BarbedWire,Farm
BarbedWire,Industrial
Barrel_Blue,Industrial
Barrel_Blue,Farm
Barrel_Green,Industrial
Barrel_Green,Farm
Barrel_Red,Industrial
Barrel_Red,Farm
Barrel_Yellow,Industrial
Barrel_Yellow,Farm
BaseRadio,Military
BaseballBat,Town
BaseballBat,Farm
BaseballBat,Village
BaseballBat,Industrial
BaseballCap_Beige,Farm
BaseballCap_Beige,Village
BaseballCap_Beige,Town
BaseballCap_Black,Farm
BaseballCap_Black,Village
BaseballCap_Black,Town
BaseballCap_Blue,Farm
BaseballCap_Blue,Village
BaseballCap_Blue,Town
BaseballCap_CMMG_Black,Farm
BaseballCap_CMMG_Black,Village
BaseballCap_CMMG_Black,Town
BaseballCap_CMMG_Pink,Farm
BaseballCap_CMMG_Pink,Village
BaseballCap_CMMG_Pink,Town
BaseballCap_Camo,Military
BaseballCap_Olive,Hunting
BaseballCap_Pink,Farm
BaseballCap_Pink,Village
BaseballCap_Pink,Town
BaseballCap_Red,Farm
BaseballCap_Red,Village
BaseballCap_Red,Town
Battery9V,Military
Battery9V,Police
Battery9V,Town
Battery9V,Farm
Battery9V,Village
Battery9V,Industrial
Battery9V,Firefighter
BatteryCharger,Industrial
BeanieHat_Beige,Farm
BeanieHat_Beige,Village
BeanieHat_Beige,Town
BeanieHat_Black,Farm
BeanieHat_Black,Village
BeanieHat_Black,Town
BeanieHat_Blue,Farm
BeanieHat_Blue,Village
BeanieHat_Blue,Town
BeanieHat_Brown,Farm
BeanieHat_Brown,Village
BeanieHat_Brown,Town
BeanieHat_Green,Farm
BeanieHat_Green,Village
BeanieHat_Green,Town
BeanieHat_Grey,Farm
BeanieHat_Grey,Village
BeanieHat_Grey,Town
BeanieHat_Pink,Farm
BeanieHat_Pink,Village
BeanieHat_Pink,Town
BeanieHat_Red,Farm
BeanieHat_Red,Village
BeanieHat_Red,Town
BearTrap,Hunting
Bear_Beige,Village
Bear_Dark,Village
Bear_Pink,Village
Bear_White,Village
Binoculars,Military
Binoculars,Police
Binoculars,Farm
Binoculars,Village
Binoculars,Coast
Binoculars,Hunting
Blowtorch,Industrial
BloodBagEmpty,Medic
BloodTestKit,Medic
Blouse_Blue,Town
Blouse_Blue,Farm
Blouse_Blue,Village
Blouse_Green,Town
Blouse_Green,Farm
Blouse_Green,Village
Blouse_Violet,Town
Blouse_Violet,Farm
Blouse_Violet,Village
Blouse_White,Town
Blouse_White,Farm
Blouse_White,Village
BomberJacket_Black,Town
BomberJacket_Blue,Farm
BomberJacket_Blue,Village
BomberJacket_Blue,Hunting
BomberJacket_Blue,Town
BomberJacket_Brown,Farm
BomberJacket_Brown,Village
BomberJacket_Brown,Hunting
BomberJacket_Brown,Town
BomberJacket_Grey,Farm
BomberJacket_Grey,Village
BomberJacket_Grey,Hunting
BomberJacket_Grey,Town
BomberJacket_Maroon,Farm
BomberJacket_Maroon,Village
BomberJacket_Maroon,Hunting
BomberJacket_Maroon,Town
BomberJacket_Olive,Farm
BomberJacket_Olive,Village
BomberJacket_Olive,Hunting
BomberJacket_Olive,Town
BomberJacket_SkyBlue,Farm
BomberJacket_SkyBlue,Village
BomberJacket_SkyBlue,Hunting
BomberJacket_SkyBlue,Town
BoonieHat_Black,Town
BoonieHat_Black,Farm
BoonieHat_Black,Village
BoonieHat_Blue,Town
BoonieHat_Blue,Farm
BoonieHat_Blue,Village
BoonieHat_DPM,Town
BoonieHat_DPM,Farm
BoonieHat_DPM,Village
BoonieHat_Dubok,Town
BoonieHat_Dubok,Farm
BoonieHat_Dubok,Village
BoonieHat_Flecktran,Town
BoonieHat_Flecktran,Farm
BoonieHat_Flecktran,Village
BoonieHat_NavyBlue,Town
BoonieHat_NavyBlue,Farm
BoonieHat_NavyBlue,Village
BoonieHat_Olive,Town
BoonieHat_Olive,Farm
BoonieHat_Olive,Village
BoonieHat_Orange,Town
BoonieHat_Orange,Farm
BoonieHat_Orange,Village
BoonieHat_Red,Town
BoonieHat_Red,Farm
BoonieHat_Red,Village
BoonieHat_Tan,Town
BoonieHat_Tan,Farm
BoonieHat_Tan,Village
BoonieHat_Winter,Hunting
BoxCerealCrunchin,Town
BoxCerealCrunchin,Village
BrassKnuckles_Dull,Town
BrassKnuckles_Dull,Farm
BrassKnuckles_Dull,Village
BrassKnuckles_Shiny,Town
BrassKnuckles_Shiny,Farm
BrassKnuckles_Shiny,Village
Breeches_Beetcheck,Farm
Breeches_Beetcheck,Village
Breeches_Beetcheck,Town
Breeches_Beige,Farm
Breeches_Beige,Village
Breeches_Beige,Town
Breeches_Black,Farm
Breeches_Black,Village
Breeches_Black,Town
Breeches_Blackcheck,Farm
Breeches_Blackcheck,Village
Breeches_Blackcheck,Town
Breeches_Blue,Farm
Breeches_Blue,Village
Breeches_Blue,Town
Breeches_Browncheck,Farm
Breeches_Browncheck,Village
Breeches_Browncheck,Town
Breeches_Green,Farm
Breeches_Green,Village
Breeches_Green,Town
Breeches_Pink,Farm
Breeches_Pink,Village
Breeches_Pink,Town
Breeches_Red,Farm
Breeches_Red,Village
Breeches_Red,Town
Breeches_White,Farm
Breeches_White,Village
Breeches_White,Town
BrisketSpread,Town
BrisketSpread,Office
BrisketSpread,School
Broom,Town
Broom,Farm
Broom,Village
Broom_Birch,SeasonalEvent
BudenovkaHat_Gray,Town
BudenovkaHat_Gray,Farm
BudenovkaHat_Gray,Village
BurlapSack,Military
BurlapSack,Police
BurlapSack,Coast
BurlapSack,Hunting
BurlapSack,Industrial
BushlatPoliceJacket_Blue,Prison
CatFoodCan,Town
CatFoodCan,Village
CatFoodCan,Lunapark
Candycane_Green,Town
Candycane_Green,Village
Candycane_Green,SeasonalEvent
Candycane_Red,Village
Candycane_Red,Hunting
Candycane_Red,SeasonalEvent
Candycane_RedGreen,Town
Candycane_RedGreen,Village
Candycane_RedGreen,SeasonalEvent
Candycane_Yellow,Town
Candycane_Yellow,Village
Candycane_Yellow,SeasonalEvent
Cauldron,SeasonalEvent
CanvasBag_Medical,Medic
CanvasBag_Olive,Town
CanvasBag_Olive,Farm
CanvasBag_Olive,Village
CanvasBag_Olive,Coast
CanvasBag_Olive,Hunting
CanvasBag_Olive,Industrial
CZ527,Military
CZ527,Farm
CZ527,Village
CZ527,Hunting
CZ550,Military
CZ550,Farm
CZ550,Village
CZ550,Coast
CZ550,Hunting
CrudeMachete,Industrial
Chainmail,Military
Chainmail_Coif,Military
Chainmail_Leggings,Military
Chestplate,Military
Chips,Police
Chips,Town
Chips,School
Chips,Farm
Chips,Village
Chips,Hunting
Chips,Lunapark
ChristmasHeadband_Antlers,SeasonalEvent
ChristmasHeadband_Gingerbread,SeasonalEvent
ChristmasHeadband_Trees,SeasonalEvent
ClaymoreMine,Military
Cleaver,Town
Cleaver,Village
Crackers,Police
Crackers,Town
Crackers,School
Crackers,Farm
Crackers,Village
Crackers,Hunting
Crackers,Industrial
Crackers,Lunapark
Crossbow_Autumn,Hunting
Crossbow_Summer,Hunting
Crossbow_Wood,Hunting
Crossbow_Black,Hunting
CrookedNose,SeasonalEvent
CZ61,Military
CZ61,Police
CZ75,Military
CZ75,Police
CZ75,Farm
CZ75,Village
CZ75,Coast
CZ75,Industrial
CZ75,Firefighter
CableReel,Industrial
Camonet,Military
CanOpener,Military
CanOpener,Town
CanOpener,School
CanOpener,Farm
CanOpener,Village
CanOpener,Hunting
CanOpener,Industrial
CanisterGasoline,Industrial
Canteen,Military
Canteen,Hunting
CanvasPantsMidi_Beige,Farm
CanvasPantsMidi_Beige,Village
CanvasPantsMidi_Beige,Town
CanvasPantsMidi_Blue,Farm
CanvasPantsMidi_Blue,Village
CanvasPantsMidi_Blue,Town
CanvasPantsMidi_Grey,Farm
CanvasPantsMidi_Grey,Village
CanvasPantsMidi_Grey,Town
CanvasPantsMidi_Red,Farm
CanvasPantsMidi_Red,Village
CanvasPantsMidi_Red,Town
CanvasPantsMidi_Violet,Farm
CanvasPantsMidi_Violet,Village
CanvasPantsMidi_Violet,Town
CanvasPants_Beige,Farm
CanvasPants_Beige,Village
CanvasPants_Beige,Town
CanvasPants_Blue,Farm
CanvasPants_Blue,Village
CanvasPants_Blue,Town
CanvasPants_Grey,Farm
CanvasPants_Grey,Village
CanvasPants_Grey,Town
CanvasPants_Red,Farm
CanvasPants_Red,Village
CanvasPants_Red,Town
CanvasPants_Violet,Farm
CanvasPants_Violet,Village
CanvasPants_Violet,Town
CarBattery,Industrial
CarRadiator,Industrial
CarTent,Industrial
CargoPants_Beige,Farm
CargoPants_Beige,Village
CargoPants_Beige,Hunting
CargoPants_Beige,Town
CargoPants_Beige,Industrial
CargoPants_Black,Farm
CargoPants_Black,Village
CargoPants_Black,Hunting
CargoPants_Black,Town
CargoPants_Black,Industrial
CargoPants_Blue,Farm
CargoPants_Blue,Village
CargoPants_Blue,Hunting
CargoPants_Blue,Town
CargoPants_Blue,Industrial
CargoPants_Green,Farm
CargoPants_Green,Village
CargoPants_Green,Hunting
CargoPants_Green,Town
CargoPants_Green,Industrial
CargoPants_Grey,Farm
CargoPants_Grey,Village
CargoPants_Grey,Hunting
CargoPants_Grey,Town
CargoPants_Grey,Industrial
CattleProd,Farm
CattleProd,Village
CharcoalTablets,Coast
CharcoalTablets,Hunting
CharcoalTablets,Medic
Chemlight_Blue,Military
Chemlight_Blue,Police
Chemlight_Blue,Industrial
Chemlight_Blue,Firefighter
Chemlight_Green,Military
Chemlight_Green,Police
Chemlight_Green,Industrial
Chemlight_Green,Firefighter
Chemlight_Red,Military
Chemlight_Red,Police
Chemlight_Red,Industrial
Chemlight_Red,Firefighter
Chemlight_White,Military
Chemlight_White,Police
Chemlight_White,Industrial
Chemlight_White,Firefighter
Chemlight_Yellow,Military
Chemlight_Yellow,Police
Chemlight_Yellow,Industrial
Chemlight_Yellow,Firefighter
ChernarusMap,Military
ChernarusMap,Police
ChernarusMap,Town
ChernarusMap,Farm
ChernarusMap,Village
ChernarusMap,Coast
ChernarusMap,Hunting
ChernarusMap,Firefighter
ChernarusMap,Medic
ChernarusMap,Prison
ChernarusSportShirt,Town
ChestHolster,Military
ChestHolster,Police
ChestHolster,Town
ChestHolster,Farm
ChestHolster,Village
ChildBag_Blue,Farm
ChildBag_Blue,Village
ChildBag_Blue,Town
ChildBag_Green,Farm
ChildBag_Green,Village
ChildBag_Green,Town
ChildBag_Red,Farm
ChildBag_Red,Village
ChildBag_Red,Town
CivSedanDoors_BackLeft,Industrial
CivSedanDoors_BackLeft_Black,Industrial
CivSedanDoors_BackLeft_BlackRust,Industrial
CivSedanDoors_BackLeft_WhiteRust,Industrial
CivSedanDoors_BackLeft_Wine,Industrial
CivSedanDoors_BackLeft_WineRust,Industrial
CivSedanDoors_BackRight,Industrial
CivSedanDoors_BackRight_Black,Industrial
CivSedanDoors_BackRight_BlackRust,Industrial
CivSedanDoors_BackRight_WhiteRust,Industrial
CivSedanDoors_BackRight_Wine,Industrial
CivSedanDoors_BackRight_WineRust,Industrial
CivSedanDoors_CoDriver,Industrial
CivSedanDoors_CoDriver_Black,Industrial
CivSedanDoors_CoDriver_BlackRust,Industrial
CivSedanDoors_CoDriver_WhiteRust,Industrial
CivSedanDoors_CoDriver_Wine,Industrial
CivSedanDoors_CoDriver_WineRust,Industrial
CivSedanDoors_Driver,Industrial
CivSedanDoors_Driver_Black,Industrial
CivSedanDoors_Driver_BlackRust,Industrial
CivSedanDoors_Driver_WhiteRust,Industrial
CivSedanDoors_Driver_Wine,Industrial
CivSedanDoors_Driver_WineRust,Industrial
CivSedanHood,Industrial
CivSedanHood_Black,Industrial
CivSedanHood_BlackRust,Industrial
CivSedanHood_WhiteRust,Industrial
CivSedanHood_Wine,Industrial
CivSedanHood_WineRust,Industrial
CivSedanTrunk,Industrial
CivSedanTrunk_Black,Industrial
CivSedanTrunk_BlackRust,Industrial
CivSedanTrunk_WhiteRust,Industrial
CivSedanTrunk_Wine,Industrial
CivSedanTrunk_WineRust,Industrial
CivSedanWheel,Industrial
CivSedanWheel_Ruined,Industrial
CivilianBelt,Town
CivilianBelt,Farm
CivilianBelt,Village
CivilianBelt,Hunting
CivilianBelt,Industrial
CivilianBelt,Firefighter
Colt1911,Military
Colt1911,Police
Colt1911,Town
Colt1911,Farm
Colt1911,Village
Colt1911,Coast
Colt1911,Industrial
Colt1911,Firefighter
CombatBoots_Beige,Military
CombatBoots_Black,Military
CombatBoots_Brown,Military
CombatBoots_Green,Military
CombatBoots_Grey,Military
CombatKnife,Military
CombinationLock,Industrial
CombinationLock,Farm
CombinationLock4,Industrial
CombinationLock4,Farm
Compass,Military
Compass,Farm
Compass,Village
Compass,Coast
Compass,Hunting
ConstructionHelmet_Blue,Industrial
ConstructionHelmet_Lime,Industrial
ConstructionHelmet_Orange,Industrial
ConstructionHelmet_Red,Industrial
ConstructionHelmet_White,Industrial
ConstructionHelmet_Yellow,Industrial
CowboyHat_Brown,Town
CowboyHat_Brown,Farm
CowboyHat_Brown,Village
CowboyHat_black,Town
CowboyHat_black,Farm
CowboyHat_black,Village
CowboyHat_darkBrown,Town
CowboyHat_darkBrown,Farm
CowboyHat_darkBrown,Village
CowboyHat_green,Town
CowboyHat_green,Farm
CowboyHat_green,Village
CoyoteBag_Brown,Military
CoyoteBag_Green,Military
CoyoteBag_Winter,Military
Crowbar,Town
Crowbar,Farm
Crowbar,Village
Crowbar,Industrial
CrabCan,Coast
CrabCan_Opened,Town
CrabCan_Opened,Village
CrabCan_Opened,Hunting
DarkMotoHelmet_Black,Farm
DarkMotoHelmet_Black,Village
DarkMotoHelmet_Black,Town
DarkMotoHelmet_Black,Industrial
DarkMotoHelmet_Blue,Farm
DarkMotoHelmet_Blue,Village
DarkMotoHelmet_Blue,Town
DarkMotoHelmet_Blue,Industrial
DarkMotoHelmet_Green,Farm
DarkMotoHelmet_Green,Village
DarkMotoHelmet_Green,Town
DarkMotoHelmet_Green,Industrial
DarkMotoHelmet_Grey,Farm
DarkMotoHelmet_Grey,Village
DarkMotoHelmet_Grey,Town
DarkMotoHelmet_Grey,Industrial
DarkMotoHelmet_Lime,Farm
DarkMotoHelmet_Lime,Village
DarkMotoHelmet_Lime,Town
DarkMotoHelmet_Lime,Industrial
DarkMotoHelmet_Red,Farm
DarkMotoHelmet_Red,Village
DarkMotoHelmet_Red,Town
DarkMotoHelmet_Red,Industrial
DarkMotoHelmet_White,Farm
DarkMotoHelmet_White,Village
DarkMotoHelmet_White,Town
DarkMotoHelmet_White,Industrial
DarkMotoHelmet_Yellow,Industrial
DarkMotoHelmet_Yellow,Town
DarkMotoHelmet_Yellow,Village
Defibrillator,Medic
DenimJacket,Farm
DenimJacket,Village
DenimJacket,Town
Derringer_Grey,Town
Derringer_Grey,Farm
Derringer_Grey,Village
Derringer_Grey,Coast
Derringer_Grey,Industrial
Derringer_Grey,Firefighter
Derringer_Grey,Medic
DesignerGlasses,Town
DesignerGlasses,Farm
DesignerGlasses,Village
DesignerGlasses,Coast
DesignerGlasses,Hunting
DesignerGlasses,Industrial
Deagle,Town
Deagle,Farm
Deagle,Village
Deagle,Industrial
Deagle_Gold,Military
DirtBikeHelmet_Black,Farm
DirtBikeHelmet_Black,Village
DirtBikeHelmet_Black,Industrial
DirtBikeHelmet_Blue,Farm
DirtBikeHelmet_Blue,Village
DirtBikeHelmet_Blue,Industrial
DirtBikeHelmet_Chernarus,Farm
DirtBikeHelmet_Chernarus,Village
DirtBikeHelmet_Chernarus,Industrial
DirtBikeHelmet_Green,Farm
DirtBikeHelmet_Green,Village
DirtBikeHelmet_Green,Industrial
DirtBikeHelmet_Khaki,Farm
DirtBikeHelmet_Khaki,Village
DirtBikeHelmet_Khaki,Industrial
DirtBikeHelmet_Mouthguard,Farm
DirtBikeHelmet_Mouthguard,Village
DirtBikeHelmet_Mouthguard,Industrial
DirtBikeHelmet_Police,Farm
DirtBikeHelmet_Police,Village
DirtBikeHelmet_Police,Industrial
DirtBikeHelmet_Red,Farm
DirtBikeHelmet_Red,Village
DirtBikeHelmet_Red,Industrial
DirtBikeHelmet_Visor,Farm
DirtBikeHelmet_Visor,Village
DirtBikeHelmet_Visor,Industrial
DisinfectantAlcohol,Military
DisinfectantAlcohol,Police
DisinfectantAlcohol,Town
DisinfectantAlcohol,Farm
DisinfectantAlcohol,Village
DisinfectantAlcohol,Medic
DisinfectantSpray,Farm
DisinfectantSpray,Village
DisinfectantSpray,Firefighter
DisinfectantSpray,Medic
DogFoodCan,Town
DogFoodCan,School
DogFoodCan,Village
DogFoodCan,Lunapark
DownJacket_Blue,Coast
DownJacket_Green,Hunting
DownJacket_Orange,Town
DownJacket_Orange,Farm
DownJacket_Orange,Village
DownJacket_Red,Town
DownJacket_Red,Farm
DownJacket_Red,Village
DressShoes_Beige,Farm
DressShoes_Beige,Village
DressShoes_Beige,Town
DressShoes_Black,Farm
DressShoes_Black,Village
DressShoes_Black,Town
DressShoes_Brown,Farm
DressShoes_Brown,Village
DressShoes_Brown,Town
DressShoes_Sunburst,Farm
DressShoes_Sunburst,Village
DressShoes_Sunburst,Town
DressShoes_White,Farm
DressShoes_White,Village
DressShoes_White,Town
DryBag_Black,Coast
DryBag_Black,Industrial
DryBag_Blue,Coast
DryBag_Blue,Industrial
DryBag_Green,Coast
DryBag_Green,Industrial
DryBag_Orange,Coast
DryBag_Orange,Industrial
DryBag_Red,Coast
DryBag_Red,Industrial
DryBag_Yellow,Coast
DryBag_Yellow,Industrial
DuctTape,Town
DuctTape,Office
DuctTape,School
DuctTape,Farm
DuctTape,Village
DuctTape,Coast
DuctTape,Industrial
DuctTape,Firefighter
DuctTape,Medic
DuffelBagSmall_Camo,Military
DuffelBagSmall_Green,Town
DuffelBagSmall_Green,Office
DuffelBagSmall_Green,School
DuffelBagSmall_Green,Farm
DuffelBagSmall_Green,Village
DuffelBagSmall_Medical,Medic
EasterEgg,Farm
ElectronicRepairKit,Industrial
EngineOil,Industrial
Engraved1911,Farm
Engraved1911,Village
Engraved1911,Coast
Engraved1911,Hunting
Epinephrine,Medic
EpoxyPutty,Industrial
EyeMask_Black,Lunapark
EyeMask_Blue,Lunapark
EyeMask_Christmas,SeasonalEvent
EyeMask_Dead,SeasonalEvent
EyeMask_NewYears,Lunapark
EyeMask_Red,Lunapark
EyeMask_Red,SeasonalEvent
EyeMask_Valentines,Lunapark
EyeMask_Yellow,Lunapark
EyeMask_Yellow,SeasonalEvent
Fabric,Industrial
Fabric,Farm
FAL,Military
FAL,Underground
FangeKnife,Town
FangeKnife,Farm
FangeKnife,Village
FangeKnife,Hunting
FangeKnife,Industrial
FarmingHoe,Town
FarmingHoe,Farm
FarmingHoe,Village
FarmingHoe,Industrial
FilteringBottle,Coast
FilteringBottle,Hunting
FilteringBottle,Medic
FNP45_MRDSOptic,Military
FNP45_MRDSOptic,Police
FNX45,Military
FNX45,Police
Fal_FoldingBttstck,Military
Fal_OeBttstck,Military
FAMAS,Military
FieldShovel,Military
FireworksLauncher,Lunapark
FirefighterAxe,Firefighter
FirefighterJacket_Beige,Firefighter
FirefighterJacket_Black,Firefighter
FirefightersHelmet_Red,Firefighter
FirefightersHelmet_White,Firefighter
FirefightersHelmet_Yellow,Firefighter
FirefightersPants_Beige,Firefighter
FirefightersPants_Black,Firefighter
FirstAidKit,Medic
FishingRod,Coast
FishingRod,Industrial
Flag_RSTA,Office
Flag_RSTA,School
Flag_Refuge,Office
Flag_Refuge,School
Flag_Snake,Office
Flag_Snake,School
Flag_BabyDeer,Office
Flag_BabyDeer,School
Flag_Bohemia,Office
Flag_Bohemia,School
Flag_CDF,Office
Flag_CDF,School
Flag_CHEL,Office
Flag_CHEL,School
Flag_CMC,Office
Flag_CMC,School
Flag_Cannibals,Office
Flag_Cannibals,School
Flag_Chedaki,Office
Flag_Chedaki,School
Flag_Chernarus,Office
Flag_Chernarus,School
Flag_DayZ,Office
Flag_DayZ,School
Flag_HunterZ,Office
Flag_HunterZ,School
Flag_NAPA,Office
Flag_NAPA,School
Flag_Pirates,Office
Flag_Pirates,School
Flag_Rooster,Office
Flag_Rooster,School
Flag_TEC,Office
Flag_TEC,School
Flag_UEC,Office
Flag_UEC,School
Flag_White,Office
Flag_White,School
Flag_Wolf,Office
Flag_Wolf,School
Flag_Zenit,Office
Flag_Zenit,School
Flaregun,Military
Flaregun,Police
Flaregun,Coast
Flaregun,Industrial
FlashGrenade,Military
FlashGrenade,Police
Flashlight,Police
Flashlight,Town
Flashlight,Office
Flashlight,School
Flashlight,Farm
Flashlight,Village
Flashlight,Coast
Flashlight,Industrial
Flashlight,Firefighter
Flashlight,Medic
Flashlight,Lunapark
FlatCap_Black,Farm
FlatCap_Black,Village
FlatCap_Black,Town
FlatCap_BlackCheck,Farm
FlatCap_BlackCheck,Village
FlatCap_BlackCheck,Town
FlatCap_Blue,Farm
FlatCap_Blue,Village
FlatCap_Blue,Town
FlatCap_Brown,Farm
FlatCap_Brown,Village
FlatCap_Brown,Town
FlatCap_BrownCheck,Farm
FlatCap_BrownCheck,Village
FlatCap_BrownCheck,Town
FlatCap_Grey,Farm
FlatCap_Grey,Village
FlatCap_Grey,Town
FlatCap_GreyCheck,Farm
FlatCap_GreyCheck,Village
FlatCap_GreyCheck,Town
FlatCap_Red,Farm
FlatCap_Red,Village
FlatCap_Red,Town
FryingPan,Town
FryingPan,Farm
FryingPan,Village
GP5GasMask,Military
GP5GasMask,Police
GPSReceiver,Hunting
GardenLime,Farm
GardenLime,Industrial
GasMask,Military
GasMask,Police
GasMask,Firefighter
GasMask,Medic
GasMask_Filter,Military
GhillieAtt_Mossy,Military
GhillieAtt_Tan,Military
GhillieAtt_Woodland,Military
GhillieBushrag_Mossy,Military
GhillieBushrag_Tan,Military
GhillieBushrag_Woodland,Military
GhillieHood_Mossy,Military
GhillieHood_Tan,Military
GhillieHood_Woodland,Military
GhillieSuit_Mossy,Military
GhillieSuit_Tan,Military
GhillieSuit_Woodland,Military
GhillieTop_Mossy,Military
GhillieTop_Tan,Military
GhillieTop_Woodland,Military
GhillieAtt_Winter,Military
GhillieAtt_Winter,Hunting
GhillieBushrag_Winter,Military
GhillieBushrag_Winter,Hunting
GhillieHood_Winter,Military
GhillieHood_Winter,Hunting
GhillieSuit_Winter,Military
GhillieSuit_Winter,Hunting
GhillieTop_Winter,Military
GhillieTop_Winter,Hunting
GiftBox_Large_1,Town
GiftBox_Large_2,Town
GiftBox_Large_3,Town
GiftBox_Large_4,Town
GiftBox_Medium_1,Town
GiftBox_Medium_1,Village
GiftBox_Medium_2,Town
GiftBox_Medium_2,Village
GiftBox_Medium_3,Town
GiftBox_Medium_3,Village
GiftBox_Medium_4,Town
GiftBox_Medium_4,Village
GiftBox_Small_1,Town
GiftBox_Small_1,Village
GiftBox_Small_2,Town
GiftBox_Small_2,Village
GiftBox_Small_3,Town
GiftBox_Small_3,Village
GiftBox_Small_4,Town
GiftBox_Small_4,Village
Glock19,Military
Glock19,Police
Glock19,Town
Glock19,Farm
Glock19,Village
Glock19,Coast
Glock19,Hunting
Glock19,Industrial
GlowPlug,Industrial
GorkaEJacket_Autumn,Military
GorkaEJacket_Flat,Military
GorkaEJacket_PautRev,Military
GorkaEJacket_Summer,Military
GorkaEJacket_Winter,Military
GorkaPants_Winter,Military
GorkaHelmet,Military
GorkaHelmetVisor,Military
GorkaPants_Autumn,Military
GorkaPants_Flat,Military
GorkaPants_PautRev,Military
GorkaPants_Summer,Military
GreatHelm,Town
GreatHelm,Farm
GreatHelm,Village
GreatHelm,Hunting
GreenBellPepper,Farm
Grenade_ChemGas,Military
Hacksaw,Farm
Hacksaw,Village
Hacksaw,Industrial
HipPack_Black,Town
HipPack_Black,Office
HipPack_Black,Farm
HipPack_Black,Village
HipPack_Black,Hunting
HipPack_Green,Hunting
HipPack_Medical,Medic
HipPack_Party,Town
HipPack_Party,Office
HipPack_Party,School
Hammer,Town
Hammer,Farm
Hammer,Village
Hammer,Industrial
HandSaw,Town
HandSaw,Farm
HandSaw,Village
HandSaw,Industrial
HandcuffKeys,Police
HandcuffKeys,Prison
Handcuffs,Police
Handcuffs,Prison
HatchbackDoors_CoDriver,Industrial
HatchbackDoors_CoDriver_Blue,Industrial
HatchbackDoors_CoDriver_BlueRust,Industrial
HatchbackDoors_CoDriver_GreenRust,Industrial
HatchbackDoors_CoDriver_White,Industrial
HatchbackDoors_CoDriver_WhiteRust,Industrial
HatchbackDoors_Driver,Industrial
HatchbackDoors_Driver_Blue,Industrial
HatchbackDoors_Driver_BlueRust,Industrial
HatchbackDoors_Driver_GreenRust,Industrial
HatchbackDoors_Driver_White,Industrial
HatchbackDoors_Driver_WhiteRust,Industrial
HatchbackHood,Industrial
HatchbackHood_Blue,Industrial
HatchbackHood_BlueRust,Industrial
HatchbackHood_GreenRust,Industrial
HatchbackHood_White,Industrial
HatchbackHood_WhiteRust,Industrial
HatchbackTrunk,Industrial
HatchbackTrunk_Blue,Industrial
HatchbackTrunk_BlueRust,Industrial
HatchbackTrunk_GreenRust,Industrial
HatchbackTrunk_White,Industrial
HatchbackTrunk_WhiteRust,Industrial
HatchbackWheel,Industrial
Hatchback_02_Door_1_1,Industrial
Hatchback_02_Door_1_1_Black,Industrial
Hatchback_02_Door_1_1_BlackRust,Industrial
Hatchback_02_Door_1_1_Blue,Industrial
Hatchback_02_Door_1_1_BlueRust,Industrial
Hatchback_02_Door_1_1_RedRust,Industrial
Hatchback_02_Door_1_2,Industrial
Hatchback_02_Door_1_2_Black,Industrial
Hatchback_02_Door_1_2_BlackRust,Industrial
Hatchback_02_Door_1_2_Blue,Industrial
Hatchback_02_Door_1_2_BlueRust,Industrial
Hatchback_02_Door_1_2_RedRust,Industrial
Hatchback_02_Door_2_1,Industrial
Hatchback_02_Door_2_1_Black,Industrial
Hatchback_02_Door_2_1_BlackRust,Industrial
Hatchback_02_Door_2_1_Blue,Industrial
Hatchback_02_Door_2_1_BlueRust,Industrial
Hatchback_02_Door_2_1_RedRust,Industrial
Hatchback_02_Door_2_2,Industrial
Hatchback_02_Door_2_2_Black,Industrial
Hatchback_02_Door_2_2_BlackRust,Industrial
Hatchback_02_Door_2_2_Blue,Industrial
Hatchback_02_Door_2_2_BlueRust,Industrial
Hatchback_02_Door_2_2_RedRust,Industrial
Hatchback_02_Hood,Industrial
Hatchback_02_Hood_Black,Industrial
Hatchback_02_Hood_BlackRust,Industrial
Hatchback_02_Hood_Blue,Industrial
Hatchback_02_Hood_BlueRust,Industrial
Hatchback_02_Hood_RedRust,Industrial
Hatchback_02_Trunk,Industrial
Hatchback_02_Trunk_Black,Industrial
Hatchback_02_Trunk_BlackRust,Industrial
Hatchback_02_Trunk_Blue,Industrial
Hatchback_02_Trunk_BlueRust,Industrial
Hatchback_02_Trunk_RedRust,Industrial
Hatchback_02_Wheel,Industrial
Hatchback_02_Wheel_Ruined,Industrial
Hatchet,Farm
Hatchet,Village
HeadlightH7_Box,Industrial
Headtorch_Black,Town
Headtorch_Black,Farm
Headtorch_Black,Village
Headtorch_Black,Coast
Headtorch_Black,Hunting
Headtorch_Black,Industrial
Headtorch_Black,Firefighter
Headtorch_Grey,Town
Headtorch_Grey,Farm
Headtorch_Grey,Village
Headtorch_Grey,Coast
Headtorch_Grey,Hunting
Headtorch_Grey,Industrial
Headtorch_Grey,Firefighter
Heatpack,Military
Heatpack,Police
Heatpack,Coast
Heatpack,Hunting
Heatpack,Medic
HescoBox,Industrial
HighCapacityVest_Black,Military
HighCapacityVest_Olive,Military
HikingBootsLow_Beige,Town
HikingBootsLow_Beige,Farm
HikingBootsLow_Beige,Village
HikingBootsLow_Black,Town
HikingBootsLow_Black,Farm
HikingBootsLow_Black,Village
HikingBootsLow_Blue,Town
HikingBootsLow_Blue,Farm
HikingBootsLow_Blue,Village
HikingBootsLow_Grey,Town
HikingBootsLow_Grey,Farm
HikingBootsLow_Grey,Village
HikingBoots_Black,Coast
HikingBoots_Black,Hunting
HikingBoots_Brown,Coast
HikingBoots_Brown,Hunting
HikingJacket_Black,Farm
HikingJacket_Black,Village
HikingJacket_Black,Hunting
HikingJacket_Black,Coast
HikingJacket_Black,Town
HikingJacket_Blue,Farm
HikingJacket_Blue,Village
HikingJacket_Blue,Hunting
HikingJacket_Blue,Coast
HikingJacket_Blue,Town
HikingJacket_Green,Farm
HikingJacket_Green,Village
HikingJacket_Green,Hunting
HikingJacket_Green,Coast
HikingJacket_Green,Town
HikingJacket_Red,Farm
HikingJacket_Red,Village
HikingJacket_Red,Hunting
HikingJacket_Red,Coast
HikingJacket_Red,Town
HockeyHelmet_Black,Farm
HockeyHelmet_Black,Village
HockeyHelmet_Black,Town
HockeyHelmet_Black,Industrial
HockeyHelmet_Blue,Farm
HockeyHelmet_Blue,Village
HockeyHelmet_Blue,Town
HockeyHelmet_Blue,Industrial
HockeyHelmet_Red,Farm
HockeyHelmet_Red,Village
HockeyHelmet_Red,Town
HockeyHelmet_Red,Industrial
HockeyHelmet_White,Farm
HockeyHelmet_White,Village
HockeyHelmet_White,Town
HockeyHelmet_White,Industrial
HockeyMask,Farm
HockeyMask,Village
HockeyMask,Hunting
HockeyMask,Coast
HockeyMask,Industrial
Honey,Town
Honey,School
Honey,Farm
Honey,Village
Honey,Industrial
Honey,Lunapark
Hoodie_Black,Farm
Hoodie_Black,Village
Hoodie_Black,Hunting
Hoodie_Black,Town
Hoodie_Blue,Farm
Hoodie_Blue,Village
Hoodie_Blue,Hunting
Hoodie_Blue,Town
Hoodie_Brown,Farm
Hoodie_Brown,Village
Hoodie_Brown,Hunting
Hoodie_Brown,Town
Hoodie_Green,Farm
Hoodie_Green,Village
Hoodie_Green,Hunting
Hoodie_Green,Town
Hoodie_Grey,Farm
Hoodie_Grey,Village
Hoodie_Grey,Hunting
Hoodie_Grey,Town
Hoodie_Red,Farm
Hoodie_Red,Village
Hoodie_Red,Hunting
Hoodie_Red,Town
Hook,Coast
Hook,Industrial
HunterPants_Autumn,Coast
HunterPants_Autumn,Hunting
HunterPants_Brown,Coast
HunterPants_Brown,Hunting
HunterPants_Spring,Coast
HunterPants_Spring,Hunting
HunterPants_Summer,Coast
HunterPants_Summer,Hunting
HunterPants_Winter,Military
HunterPants_Winter,Hunting
HuntingBag,Coast
HuntingBag,Hunting
HuntingJacket_Autumn,Coast
HuntingJacket_Autumn,Hunting
HuntingJacket_Brown,Coast
HuntingJacket_Brown,Hunting
HuntingJacket_Spring,Coast
HuntingJacket_Spring,Hunting
HuntingJacket_Summer,Coast
HuntingJacket_Summer,Hunting
HuntingJacket_Winter,Military
HuntingJacket_Winter,Hunting
HuntingKnife,Coast
HuntingKnife,Hunting
HuntingOptic,Coast
HuntingOptic,Hunting
HuntingVest,Hunting
HuntingVest_Winter,Hunting
Iceaxe,Town
Iceaxe,Village
Izh18,Town
Izh18,Farm
Izh18,Village
Izh18,Coast
Izh18,Hunting
Izh18,Industrial
IodineTincture,Town
IodineTincture,Village
IodineTincture,Medic
Izh43Shotgun,Town
Izh43Shotgun,Farm
Izh43Shotgun,Village
Jig,Coast
Jeans_Black,Town
Jeans_Black,Village
Jeans_Blue,Town
Jeans_Blue,Village
Jeans_BlueDark,Town
Jeans_BlueDark,Village
Jeans_Brown,Town
Jeans_Brown,Village
Jeans_Green,Town
Jeans_Green,Village
Jeans_Grey,Town
Jeans_Grey,Village
JoggingShoes_Black,Town
JoggingShoes_Black,School
JoggingShoes_Black,Farm
JoggingShoes_Black,Village
JoggingShoes_Blue,Town
JoggingShoes_Blue,School
JoggingShoes_Blue,Farm
JoggingShoes_Blue,Village
JoggingShoes_Red,Town
JoggingShoes_Red,School
JoggingShoes_Red,Farm
JoggingShoes_Red,Village
JoggingShoes_Violet,Town
JoggingShoes_Violet,School
JoggingShoes_Violet,Farm
JoggingShoes_Violet,Village
JoggingShoes_White,Town
JoggingShoes_White,School
JoggingShoes_White,Farm
JoggingShoes_White,Village
JumpsuitJacket_Blue,Farm
JumpsuitJacket_Blue,Village
JumpsuitJacket_Blue,Town
JumpsuitJacket_Blue,Industrial
JumpsuitJacket_Gray,Farm
JumpsuitJacket_Gray,Village
JumpsuitJacket_Gray,Town
JumpsuitJacket_Gray,Industrial
JumpsuitJacket_Green,Farm
JumpsuitJacket_Green,Village
JumpsuitJacket_Green,Town
JumpsuitJacket_Green,Industrial
JumpsuitJacket_Red,Farm
JumpsuitJacket_Red,Village
JumpsuitJacket_Red,Town
JumpsuitJacket_Red,Industrial
JumpsuitPants_Blue,Farm
JumpsuitPants_Blue,Village
JumpsuitPants_Blue,Town
JumpsuitPants_Blue,Industrial
JumpsuitPants_Green,Farm
JumpsuitPants_Green,Village
JumpsuitPants_Green,Town
JumpsuitPants_Green,Industrial
JumpsuitPants_Grey,Farm
JumpsuitPants_Grey,Village
JumpsuitPants_Grey,Town
JumpsuitPants_Grey,Industrial
JumpsuitPants_Red,Farm
JumpsuitPants_Red,Village
JumpsuitPants_Red,Town
JumpsuitPants_Red,Industrial
JungleBoots_Beige,Military
JungleBoots_Black,Military
JungleBoots_Brown,Military
JungleBoots_Green,Military
JungleBoots_Olive,Military
KashtanOptic,Military
KazuarOptic,Military
KitchenKnife,Town
KitchenKnife,Farm
KitchenKnife,Village
KitchenKnife,Coast
KitchenKnife,Hunting
KitchenKnife,Industrial
KitchenTimer,Town
KitchenTimer,Village
KobraOptic,Military
KukriKnife,Town
LabCoat,Medic
LandMineTrap,Military
Land_Wreck_Volha_Police,Police
LargeGasCanister,Military
LargeGasCanister,Police
LargeGasCanister,Hunting
LargeGasCanister,Industrial
LargeTent,Military
LeatherSewingKit,Industrial
LeatherSewingKit,Village
Lockpick,Industrial
Longhorn,Hunting
LugWrench,Industrial
Lunchmeat,Town
Lunchmeat,Office
Lunchmeat,School
Izh18Shotgun,Town
Izh18Shotgun,Farm
Izh18Shotgun,Village
Izh18Shotgun,Coast
M14,Military
M18SmokeGrenade_Green,Military
M18SmokeGrenade_Green,Police
M18SmokeGrenade_Purple,Military
M18SmokeGrenade_Purple,Police
M18SmokeGrenade_Red,Military
M18SmokeGrenade_Red,Police
M18SmokeGrenade_White,Military
M18SmokeGrenade_White,Police
M18SmokeGrenade_Yellow,Military
M18SmokeGrenade_Yellow,Police
M16A2,Military
M4A1,Military
M4A1,Underground
M4_CQBBttstck,Military
M4_CarryHandleOptic,Military
M4_MPBttstck,Military
M4_MPHndgrd,Military
M4_OEBttstck,Military
M4_PlasticHndgrd,Military
M4_RISHndgrd,Military
M4_Suppressor,Military
M4_T3NRDSOptic,Military
M65Jacket_Black,Military
M65Jacket_Khaki,Military
M65Jacket_Khaki,Police
M65Jacket_Khaki,Coast
M65Jacket_Olive,Military
M65Jacket_Tan,Military
M67Grenade,Military
M68Optic,Military
M79,Military
M9A1_Bayonet,Military
Mace,Historical
MKII,Town
MKII,Farm
MKII,Village
MKII,Coast
MKII,Hunting
MKII,Industrial
MP5K,Military
MP5K,Police
MP5_Compensator,Military
MP5_Compensator,Police
MP5_PlasticHndgrd,Military
MP5_PlasticHndgrd,Police
MP5_RailHndgrd,Military
MP5_RailHndgrd,Police
MP5k_StockBttstck,Military
Machete,Farm
Machete,Village
Machete,Hunting
Machete,Town
Machete,Industrial
Mag_1911_7Rnd,Military
Mag_1911_7Rnd,Town
Mag_1911_7Rnd,Village
Mag_1911_7Rnd,Coast
Mag_1911_7Rnd,Hunting
Mag_1911_7Rnd,Industrial
Mag_1911_7Rnd,Firefighter
Mag_AK74_45Rnd,Military
Mag_AK101_30Rnd,Military
Mag_AK74_30Rnd,Military
Mag_AKM_30Rnd,Military
Mag_AKM_Drum75Rnd,Military
Mag_AKM_Palm30Rnd,Military
Mag_Aug_30Rnd,Military
Mag_CZ550_10Rnd,Military
Mag_CZ550_10Rnd,Hunting
Mag_CMAG_10Rnd,Military
Mag_CMAG_10Rnd,Police
Mag_CMAG_10Rnd,Firefighter
Mag_CMAG_20Rnd,Military
Mag_CMAG_20Rnd,Police
Mag_CMAG_30Rnd,Military
Mag_CMAG_40Rnd,Military
Mag_CZ527_5rnd,Military
Mag_CZ527_5rnd,Hunting
Mag_CZ61_20Rnd,Military
Mag_CZ61_20Rnd,Police
Mag_CZ75_15Rnd,Military
Mag_CZ75_15Rnd,Police
Mag_CZ75_15Rnd,Farm
Mag_CZ75_15Rnd,Village
Mag_CZ75_15Rnd,Hunting
Mag_Deagle_9rnd,Military
Mag_Deagle_9rnd,Police
Mag_Deagle_9rnd,Town
Mag_Deagle_9rnd,Farm
Mag_Deagle_9rnd,Village
Mag_Deagle_9rnd,Coast
Mag_Deagle_9rnd,Hunting
Mag_Deagle_9rnd,Firefighter
Mag_FAL_20Rnd,Military
Mag_FAMAS_25Rnd,Military
Mag_FNX45_15Rnd,Military
Mag_FNX45_15Rnd,Police
Mag_Glock_15Rnd,Military
Mag_Glock_15Rnd,Police
Mag_Glock_15Rnd,Town
Mag_Glock_15Rnd,Farm
Mag_Glock_15Rnd,Village
Mag_Glock_15Rnd,Coast
Mag_Glock_15Rnd,Industrial
Mag_Glock_15Rnd,Firefighter
Mag_IJ70_8Rnd,Military
Mag_IJ70_8Rnd,Police
Mag_IJ70_8Rnd,Town
Mag_IJ70_8Rnd,Farm
Mag_IJ70_8Rnd,Village
Mag_IJ70_8Rnd,Coast
Mag_IJ70_8Rnd,Hunting
Mag_IJ70_8Rnd,Industrial
Mag_IJ70_8Rnd,Firefighter
Mag_M14_10Rnd,Military
Mag_M14_20Rnd,Military
Mag_MKII_10Rnd,Military
Mag_MKII_10Rnd,Police
Mag_MKII_10Rnd,Town
Mag_MKII_10Rnd,Farm
Mag_MKII_10Rnd,Village
Mag_MKII_10Rnd,Coast
Mag_MKII_10Rnd,Hunting
Mag_MKII_10Rnd,Industrial
Mag_MKII_10Rnd,Firefighter
Mag_MP5_15Rnd,Military
Mag_MP5_15Rnd,Police
Mag_MP5_15Rnd,Prison
Mag_MP5_30Rnd,Military
Mag_MP5_30Rnd,Police
Mag_MP5_30Rnd,Prison
Mag_P1_8Rnd,Military
Mag_P1_8Rnd,Police
Mag_P1_8Rnd,Town
Mag_P1_8Rnd,Farm
Mag_P1_8Rnd,Village
Mag_P1_8Rnd,Coast
Mag_P1_8Rnd,Hunting
Mag_P1_8Rnd,Industrial
Mag_PP19_64Rnd,Military
Mag_Ruger1022_15Rnd,Military
Mag_Ruger1022_15Rnd,Police
Mag_Ruger1022_15Rnd,Town
Mag_Ruger1022_15Rnd,Farm
Mag_Ruger1022_15Rnd,Village
Mag_Ruger1022_15Rnd,Coast
Mag_Ruger1022_15Rnd,Hunting
Mag_Ruger1022_15Rnd,Firefighter
Mag_Ruger1022_30Rnd,Military
Mag_Ruger1022_30Rnd,Police
Mag_Ruger1022_30Rnd,Town
Mag_Ruger1022_30Rnd,Farm
Mag_Ruger1022_30Rnd,Village
Mag_Ruger1022_30Rnd,Coast
Mag_Ruger1022_30Rnd,Hunting
Mag_Ruger1022_30Rnd,Industrial
Mag_Ruger1022_30Rnd,Firefighter
Mag_Scout_5Rnd,Military
Mag_Scout_5Rnd,Police
Mag_SSG82_5rnd,Military
Mag_SSG82_5rnd,Police
Mag_STANAG_60Rnd,Military
Mag_STANAGCoupled_30Rnd,Military
Mag_STANAG_30Rnd,Military
Mag_SV98_10Rnd,Military
Mag_SVD_10Rnd,Military
Mag_Saiga_5Rnd,Military
Mag_Saiga_5Rnd,Police
Mag_Saiga_8Rnd,Military
Mag_Saiga_8Rnd,Police
Mag_Saiga_Drum20Rnd,Military
Mag_UMP_25Rnd,Military
Mag_UMP_25Rnd,Police
Mag_VAL_20Rnd,Military
Mag_Vikhr_30Rnd,Military
Mag_VSS_10Rnd,Military
Magnum,Town
Magnum,Farm
Magnum,Village
Magnum,Industrial
MakarovIJ70,Military
MakarovIJ70,Police
MakarovIJ70,Town
MakarovIJ70,Farm
MakarovIJ70,Village
MakarovIJ70,Hunting
MakarovIJ70,Industrial
ManSuit_Beige,Village
ManSuit_Beige,Town
MeatTenderizer,Town
MeatTenderizer,Village
ManSuit_Black,Village
ManSuit_Black,Town
ManSuit_Blue,Village
ManSuit_Blue,Town
ManSuit_Brown,Village
ManSuit_Brown,Town
ManSuit_DarkGrey,Village
ManSuit_DarkGrey,Town
ManSuit_Khaki,Village
ManSuit_Khaki,Town
ManSuit_LightGrey,Village
ManSuit_LightGrey,Town
ManSuit_White,Village
ManSuit_White,Town
Marmalade,Town
Marmalade,Village
Matchbox,Military
Matchbox,Town
Matchbox,Farm
Matchbox,Village
Matchbox,Coast
Matchbox,Hunting
Matchbox,Industrial
Matchbox,Firefighter
Matchbox,Medic
Matchbox,Lunapark
Matchbox,Prison
MedicalScrubsHat_Blue,Medic
MedicalScrubsHat_Green,Medic
MedicalScrubsHat_White,Medic
MedicalScrubsPants_Blue,Medic
MedicalScrubsPants_Green,Medic
MedicalScrubsPants_White,Medic
MedicalScrubsShirt_Blue,Medic
MedicalScrubsShirt_Green,Medic
MedicalScrubsShirt_White,Medic
MediumGasCanister,Farm
MediumGasCanister,Village
MediumGasCanister,Hunting
MediumTent,Coast
MediumTent,Hunting
MediumTent_Green,Village
MediumTent_Green,Hunting
MediumTent_Orange,Town
MediumTent_Orange,Village
MedievalBoots,Military
Megaphone,Police
Megaphone,Industrial
MetalPlate,Farm
MetalPlate,Village
MetalPlate,Town
MetalPlate,Firefighter
MetalPlate,Industrial
MetalWire,Military
MetalWire,Police
MetalWire,Town
MetalWire,Farm
MetalWire,Village
MetalWire,Industrial
MetalWire,Firefighter
Mich2001Helmet,Military
MilitaryBelt,Military
MilitaryBeret_CDF,Military
MilitaryBeret_ChDKZ,Military
MilitaryBeret_NZ,Military
MilitaryBeret_Red,Military
MilitaryBeret_UN,Military
MilitaryBoots_Beige,Military
MilitaryBoots_Black,Military
MilitaryBoots_Bluerock,Military
MilitaryBoots_Brown,Military
MilitaryBoots_Redpunk,Military
MimeMask_Female,Lunapark
MimeMask_Male,Lunapark
MiniDress_BlueChecker,Village
MiniDress_BlueChecker,Town
MiniDress_BlueWithDots,Village
MiniDress_BlueWithDots,Town
MiniDress_BrownChecker,Village
MiniDress_BrownChecker,Town
MiniDress_GreenChecker,Village
MiniDress_GreenChecker,Town
MiniDress_Pink,Village
MiniDress_Pink,Town
MiniDress_PinkChecker,Village
MiniDress_PinkChecker,Town
MiniDress_RedChecker,Village
MiniDress_RedChecker,Town
MiniDress_WhiteChecker,Village
MiniDress_WhiteChecker,Town
Morphine,Medic
MorozkoHat,SeasonalEvent
Mosin9130,Farm
Mosin9130,Hunting
Mosin_Bayonet,Military
Mosin_Bayonet,Farm
Mosin_Compensator,Coast
Mosin_Compensator,Hunting
MotoHelmet_Black,Industrial
MotoHelmet_Black,Village
MotoHelmet_Blue,Industrial
MotoHelmet_Blue,Village
MotoHelmet_Green,Industrial
MotoHelmet_Green,Village
MotoHelmet_Grey,Industrial
MotoHelmet_Grey,Village
MotoHelmet_Lime,Industrial
MotoHelmet_Lime,Village
MotoHelmet_Red,Industrial
MotoHelmet_Red,Village
MotoHelmet_White,Industrial
MotoHelmet_White,Village
MotoHelmet_Yellow,Industrial
MotoHelmet_Yellow,Town
MotoHelmet_Yellow,Village
MountainBag_Blue,Town
MountainBag_Blue,Farm
MountainBag_Blue,Village
MountainBag_Blue,Hunting
MountainBag_Blue,Industrial
MountainBag_Green,Town
MountainBag_Green,Farm
MountainBag_Green,Village
MountainBag_Green,Hunting
MountainBag_Green,Industrial
MountainBag_Orange,Town
MountainBag_Orange,Farm
MountainBag_Orange,Village
MountainBag_Orange,Hunting
MountainBag_Orange,Industrial
MountainBag_Red,Town
MountainBag_Red,Farm
MountainBag_Red,Village
MountainBag_Red,Hunting
MountainBag_Red,Industrial
Mp133Shotgun,Military
Mp133Shotgun,Police
Mp133Shotgun,Hunting
Mp133Shotgun,Industrial
Mp133Shotgun,Firefighter
NavyUniformJacket,Coast
NavyUniformJacket,Military
NavyUniformPants,Coast
NavyUniformPants,Military
NBCBootsGray,Military
NBCBootsGray,Police
NBCBootsWhite,Firefighter
NBCBootsYellow,Medic
NBCGlovesYellow,Medic
NBCHoodYellow,Medic
NBCHoodWhite,Firefighter
NBCJacketYellow,Medic
NBCJacketWhite,Firefighter
NBCPantsYellow,Medic
NBCPantsWhite,Firefighter
NBCGlovesGray,Military
NBCGlovesGray,Police
NBCHoodGray,Military
NBCHoodGray,Police
NBCJacketGray,Military
NBCJacketGray,Police
NBCPantsGray,Military
NBCPantsGray,Police
NVGHeadstrap,Military
NVGoggles,Military
NailBox,Town
NailBox,Farm
NailBox,Village
NailBox,Industrial
Netting,Coast
NioshFaceMask,Industrial
NioshFaceMask,Medic
NurseDress_Blue,Medic
NurseDress_White,Medic
NylonKnifeSheath,Hunting
NylonKnifeSheath,Coast
OKZKCap_Beige,Military
OKZKCap_Green,Military
OMNOGloves_Brown,Military
OMNOGloves_Brown,Police
OMNOGloves_Gray,Military
OMNOGloves_Gray,Police
OfficerHat,Military
Offroad_02_Door_1_1,Military
Offroad_02_Door_1_1_Rust,Military
Offroad_02_Door_1_2,Military
Offroad_02_Door_1_2_Rust,Military
Offroad_02_Door_2_1,Military
Offroad_02_Door_2_1_Rust,Military
Offroad_02_Door_2_2,Military
Offroad_02_Door_2_2_Rust,Military
Offroad_02_Trunk,Military
Offroad_02_Trunk_Rust,Military
Offroad_02_Wheel,Military
Offroad_02_Wheel,Industrial
OMKJacket_Navy,Military
OMKJacket_Navy,Coast
OMKPants_Navy,Military
OMKPants_Navy,Coast
OrientalMachete,Town
OrientalMachete,Village
OrientalMachete,Lunapark
OrienteeringCompass,Military
OrienteeringCompass,Village
OrienteeringCompass,Hunting
OrienteeringCompass,Industrial
P1,Military
P1,Police
P1,Town
P1,Farm
P1,Village
P1,Coast
P1,Hunting
P1,Industrial
PaddedGloves_Beige,Military
PaddedGloves_Brown,Military
PaddedGloves_Threat,Military
PetushokHat_Black,Town
PetushokHat_Green,Town
PetushokHat_Yellow,Town
PartyTent,Town
PartyTent_Blue,Town
PartyTent_Brown,Town
PartyTent_Lunapark,Town
PetrolLighter,Military
PetrolLighter,Police
PetrolLighter,Coast
PetrolLighter,Hunting
PetrolLighter,Firefighter
PipeWrench,Industrial
PipeWrench,Farm
PipeWrench,Lunapark
PistolOptic,Military
PistolOptic,Police
Pitchfork,Farm
PP19,Military
PP19_Bttstck,Military
PSO11Optic,Military
PSO1Optic,Military
PUScopeOptic,Military
PUScopeOptic,Police
PainkillerTablets,Medic
Pajka,Town
Pajka,Village
Pajka,Office
Pajka,School
ParamedicJacket_Blue,Medic
ParamedicJacket_Crimson,Medic
ParamedicJacket_Green,Medic
ParamedicPants_Blue,Medic
ParamedicPants_Crimson,Medic
ParamedicPants_Green,Medic
Pate,Town
Pate,Village
Pate,Office
Pate,School
PeachesCan,Village
PeachesCan,Town
Pen_Black,Village
Pen_Blue,Village
Pen_Green,Village
Pen_Red,Village
PepperSeedsPack,Farm
PepperSeedsPack,Village
PepperSeedsPack,Industrial
PersonalRadio,Military
PersonalRadio,Police
Pickaxe,Industrial
Pickaxe,Farm
PileOfWoodenPlanks,Industrial
PilotkaCap,Military
Pipe,Industrial
PistolSuppressor,Military
PistolSuppressor,Police
Plastic_Explosive,Military
PlateCarrierHolster,Military
PlateCarrierHolster,Police
PlateCarrierHolster_Winter,Military
PlateCarrierPouches_Winter,Military
PlateCarrierHolster_Black,Military
PlateCarrierHolster_Camo,Military
PlateCarrierHolster_Green,Military
PlateCarrierPouches,Military
PlateCarrierPouches_Black,Military
PlateCarrierPouches_Camo,Military
PlateCarrierPouches_Green,Military
PlateCarrierVest,Military
PlateCarrierVest_Winter,Military
PlateCarrierVest_Black,Military
PlateCarrierVest_Camo,Military
PlateCarrierVest_Green,Military
Pliers,Town
Pliers,Farm
Pliers,Village
Pliers,Industrial
PoliceCap,Police
PoliceJacket,Police
PoliceJacketOrel,Police
PolicePants,Police
PolicePantsOrel,Police
PoliceVest,Police
PorkCan,Town
PorkCan,Office
PorkCan,School
PorkCan,Village
PortableGasLamp,Farm
PortableGasLamp,Hunting
PortableGasLamp,Coast
PortableGasStove,Hunting
PortableGasStove,Coast
PortableGasStove,Industrial
Pot,Town
Pot,Farm
Pot,Village
Potato,Town
Potato,Farm
Potato,Village
PotatoSeed,Farm
PotatoSeed,Village
PowderedMilk,Village
PowderedMilk,Town
PowerGenerator,Industrial
PressVest_Blue,Military
PressVest_Blue,Police
PressVest_LightBlue,Military
PressVest_LightBlue,Police
PrisonUniformJacket,Prison
PrisonUniformPants,Prison
PrisonerCap,Prison
PumpkinHelmet,Farm
PumpkinSeeds,Farm
PumpkinSeeds,Village
PumpkinSeeds,Industrial
PumpkinSeedsPack,Farm
PumpkinSeedsPack,Village
PumpkinSeedsPack,Industrial
PurificationTablets,Military
PurificationTablets,Town
PurificationTablets,Farm
PurificationTablets,Village
PurificationTablets,Coast
PurificationTablets,Hunting
PurificationTablets,Firefighter
PurificationTablets,Medic
QuiltedJacket_Black,Farm
QuiltedJacket_Black,Village
QuiltedJacket_Black,Town
QuiltedJacket_Blue,Farm
QuiltedJacket_Blue,Village
QuiltedJacket_Blue,Town
QuiltedJacket_Green,Farm
QuiltedJacket_Green,Village
QuiltedJacket_Green,Town
QuiltedJacket_Grey,Farm
QuiltedJacket_Grey,Village
QuiltedJacket_Grey,Town
QuiltedJacket_Orange,Farm
QuiltedJacket_Orange,Village
QuiltedJacket_Orange,Town
QuiltedJacket_Red,Farm
QuiltedJacket_Red,Village
QuiltedJacket_Red,Town
QuiltedJacket_Violet,Farm
QuiltedJacket_Violet,Village
QuiltedJacket_Violet,Town
QuiltedJacket_Yellow,Farm
QuiltedJacket_Yellow,Village
QuiltedJacket_Yellow,Town
RDG2SmokeGrenade_Black,Military
RDG2SmokeGrenade_Black,Police
RDG2SmokeGrenade_White,Military
RDG2SmokeGrenade_White,Police
RGD5Grenade,Military
RadarCap_Black,Farm
RadarCap_Black,Industrial
RadarCap_Blue,Farm
RadarCap_Blue,Industrial
RadarCap_Brown,Farm
RadarCap_Brown,Industrial
RadarCap_Green,Farm
RadarCap_Green,Industrial
RadarCap_Red,Farm
RadarCap_Red,Industrial
Raincoat_Black,Farm
Raincoat_Black,Village
Raincoat_Black,Hunting
Raincoat_Black,Town
Raincoat_Black,Coast
Raincoat_Blue,Farm
Raincoat_Blue,Village
Raincoat_Blue,Hunting
Raincoat_Blue,Town
Raincoat_Blue,Coast
Raincoat_Green,Farm
Raincoat_Green,Village
Raincoat_Green,Hunting
Raincoat_Green,Town
Raincoat_Green,Coast
Raincoat_Orange,Farm
Raincoat_Orange,Village
Raincoat_Orange,Hunting
Raincoat_Orange,Town
Raincoat_Orange,Coast
Raincoat_Pink,Farm
Raincoat_Pink,Village
Raincoat_Pink,Hunting
Raincoat_Pink,Town
Raincoat_Pink,Coast
Raincoat_Red,Farm
Raincoat_Red,Village
Raincoat_Red,Hunting
Raincoat_Red,Town
Raincoat_Red,Coast
Raincoat_Yellow,Farm
Raincoat_Yellow,Village
Raincoat_Yellow,Hunting
Raincoat_Yellow,Town
Raincoat_Yellow,Coast
Rangefinder,Military
Rangefinder,Police
Rangefinder,Coast
Rangefinder,Hunting
Rangefinder,Industrial
ReflexOptic,Military
ReflexVest,Industrial
RemoteDetonator,Military
Repeater,Military
Repeater,Police
Repeater,Town
Repeater,Farm
Repeater,Village
Repeater,Coast
Repeater,Hunting
Repeater,Industrial
Rice,Town
Rice,Farm
Rice,Village
RidersJacket_Black,Town
RidersJacket_Black,Village
Roadflare,Military
Roadflare,Police
Roadflare,Farm
Roadflare,Village
Roadflare,Coast
Roadflare,Industrial
Roadflare,Firefighter
Roadflare,Medic
Rope,Town
Rope,Farm
Rope,Village
Rope,Coast
Rope,Hunting
Rope,Industrial
Rope,Firefighter
Rope,Medic
Rope,Prison
Ruger1022,Town
Ruger1022,Farm
Ruger1022,Village
Ruger1022,Industrial
ScientificBriefcase,ContaminatedArea
ScientificBriefcaseKeys,Military
Shemag_White,Farm
Shemag_White,Village
Shemag_White,Coast
SherpaHat_Black,Town
SherpaHat_Black,Farm
SherpaHat_Black,Village
SherpaHat_Blue,Town
SherpaHat_Blue,Farm
SherpaHat_Blue,Village
SherpaHat_Red,Town
SherpaHat_Red,Farm
SherpaHat_Red,Village
SkiGloves_90s,Military
SkiGloves_90s,Coast
SkiGloves_90s,Hunting
SkiGloves_Blue,Military
SkiGloves_Blue,Coast
SkiGloves_Blue,Hunting
SkiGloves_Red,Military
SkiGloves_Red,Coast
SkiGloves_Red,Hunting
SkiGoggles_BlackYellow,Farm
SkiGoggles_BlackYellow,Town
SkiGoggles_BlackYellow,Village
SkiGoggles_WhiteClear,Farm
SkiGoggles_WhiteClear,Town
SkiGoggles_WhiteClear,Village
SkiGoggles_WhiteDark,Farm
SkiGoggles_WhiteDark,Town
SkiGoggles_WhiteDark,Village
Slingbag_Black,Town
Slingbag_Black,Office
Slingbag_Black,School
Slingbag_Black,Farm
Slingbag_Black,Village
Slingbag_Black,Industrial
Slingbag_Brown,Town
Slingbag_Brown,Office
Slingbag_Brown,School
Slingbag_Brown,Farm
Slingbag_Brown,Village
Slingbag_Brown,Industrial
Slingbag_Gray,Town
Slingbag_Gray,Office
Slingbag_Gray,School
Slingbag_Gray,Farm
Slingbag_Gray,Village
Slingbag_Gray,Industrial
SKS,Military
SKS,Coast
SKS,Hunting
SKS_Bayonet,Military
SVD,Military
Saiga,Military
Saiga,Police
Saiga_Bttstck,Military
SalineBag,Hunting
SalineBag,Coast
SalineBag,Firefighter
SalineBag,Medic
SalineBag,Industrial
SaltySticks,Military
SaltySticks,Police
SaltySticks,Town
SaltySticks,Office
SaltySticks,School
SaltySticks,Farm
SaltySticks,Village
SaltySticks,Coast
SaltySticks,Industrial
SaltySticks,Firefighter
SaltySticks,Medic
SaltySticks,Lunapark
SantasBeard,Village
SantasHat,Town
SardinesCan,Farm
SardinesCan,Village
SardinesCan,Coast
SardinesCan,Hunting
SardinesCan,Industrial
Screwdriver,Farm
Screwdriver,Village
Screwdriver,Industrial
Scout,Military
Scout_Chernarus,Military
Scout_Livonia,Military
SeaChest,Coast
Sedan_02_Door_1_1,Industrial
Sedan_02_Door_1_1_Grey,Industrial
Sedan_02_Door_1_1_GreyRust,Industrial
Sedan_02_Door_1_1_Red,Industrial
Sedan_02_Door_1_1_RedRust,Industrial
Sedan_02_Door_1_1_YellowRust,Industrial
Sedan_02_Door_1_2,Industrial
Sedan_02_Door_1_2_Grey,Industrial
Sedan_02_Door_1_2_GreyRust,Industrial
Sedan_02_Door_1_2_Red,Industrial
Sedan_02_Door_1_2_RedRust,Industrial
Sedan_02_Door_1_2_YellowRust,Industrial
Sedan_02_Door_2_1,Industrial
Sedan_02_Door_2_1_Grey,Industrial
Sedan_02_Door_2_1_GreyRust,Industrial
Sedan_02_Door_2_1_Red,Industrial
Sedan_02_Door_2_1_RedRust,Industrial
Sedan_02_Door_2_1_YellowRust,Industrial
Sedan_02_Door_2_2,Industrial
Sedan_02_Door_2_2_Grey,Industrial
Sedan_02_Door_2_2_GreyRust,Industrial
Sedan_02_Door_2_2_Red,Industrial
Sedan_02_Door_2_2_RedRust,Industrial
Sedan_02_Door_2_2_YellowRust,Industrial
Sedan_02_Hood,Industrial
Sedan_02_Hood_Grey,Industrial
Sedan_02_Hood_GreyRust,Industrial
Sedan_02_Hood_Red,Industrial
Sedan_02_Hood_RedRust,Industrial
Sedan_02_Hood_YellowRust,Industrial
Sedan_02_Trunk,Industrial
Sedan_02_Trunk_Grey,Industrial
Sedan_02_Trunk_GreyRust,Industrial
Sedan_02_Trunk_Red,Industrial
Sedan_02_Trunk_RedRust,Industrial
Sedan_02_Trunk_YellowRust,Industrial
Sedan_02_Wheel,Industrial
SewingKit,Town
SewingKit,Farm
SewingKit,Village
SewingKit,Coast
SewingKit,Hunting
Shirt_BlueCheck,Town
Shirt_BlueCheck,Farm
Shirt_BlueCheck,Village
Shirt_BlueCheckBright,Town
Shirt_BlueCheckBright,Farm
Shirt_BlueCheckBright,Village
Shirt_GreenCheck,Town
Shirt_GreenCheck,Farm
Shirt_GreenCheck,Village
Shirt_PlaneBlack,Town
Shirt_PlaneBlack,Farm
Shirt_PlaneBlack,Village
Shirt_RedCheck,Town
Shirt_RedCheck,Farm
Shirt_RedCheck,Village
Shirt_WhiteCheck,Town
Shirt_WhiteCheck,Farm
Shirt_WhiteCheck,Village
ShortJeans_Black,Town
ShortJeans_Black,Village
ShortJeans_Blue,Town
ShortJeans_Blue,Village
ShortJeans_Brown,Town
ShortJeans_Brown,Village
ShortJeans_Darkblue,Town
ShortJeans_Darkblue,Village
ShortJeans_Green,Town
ShortJeans_Green,Village
ShortJeans_Red,Town
ShortJeans_Red,Village
Shovel,Farm
Shovel,Village
Shovel,Industrial
Sickle,Town
Sickle,Farm
Sickle,Village
Sickle,Industrial
SnowstormUshanka_Brown,Military
SnowstormUshanka_Navy,Coast
SnowstormUshanka_Olive,Hunting
SnowstormUshanka_White,Military
SkateHelmet_Black,Village
SkateHelmet_Black,Town
SkateHelmet_Black,Industrial
SkateHelmet_Blue,Village
SkateHelmet_Blue,Town
SkateHelmet_Blue,Industrial
SkateHelmet_Gray,Village
SkateHelmet_Gray,Town
SkateHelmet_Gray,Industrial
SkateHelmet_Green,Village
SkateHelmet_Green,Town
SkateHelmet_Green,Industrial
SkateHelmet_Red,Village
SkateHelmet_Red,Town
SkateHelmet_Red,Industrial
Skirt_Blue,Village
Skirt_Blue,Town
Skirt_Red,Village
Skirt_Red,Town
Skirt_White,Village
Skirt_White,Town
Skirt_Yellow,Village
Skirt_Yellow,Town
SlacksPants_Beige,Village
SlacksPants_Beige,Town
SlacksPants_Black,Village
SlacksPants_Black,Town
SlacksPants_Blue,Village
SlacksPants_Blue,Town
SlacksPants_Brown,Village
SlacksPants_Brown,Town
SlacksPants_DarkGrey,Village
SlacksPants_DarkGrey,Town
SlacksPants_Khaki,Village
SlacksPants_Khaki,Town
SlacksPants_LightGrey,Village
SlacksPants_LightGrey,Town
SlacksPants_White,Village
SlacksPants_White,Town
SledgeHammer,Industrial
SmallGasCanister,Farm
SmallGasCanister,Village
SmallGasCanister,Coast
SmallGasCanister,Hunting
SmallProtectorCase,Military
SmallProtectorCase,Police
SmallStone,Farm
SmallStone,Village
SmallStone,Coast
SmallStone,Industrial
SmershBag,Military
SmershVest,Military
Sneakers_Black,Farm
Sneakers_Black,Village
Sneakers_Black,Town
Sneakers_Gray,Farm
Sneakers_Gray,Village
Sneakers_Gray,Town
Sneakers_Green,Farm
Sneakers_Green,Village
Sneakers_Green,Town
Sneakers_Red,Farm
Sneakers_Red,Village
Sneakers_Red,Town
Sneakers_White,Farm
Sneakers_White,Village
Sneakers_White,Town
SodaCan_Cola,Military
SodaCan_Cola,Town
SodaCan_Cola,Village
SodaCan_Fronta,Military
SodaCan_Fronta,Town
SodaCan_Fronta,Village
SodaCan_Kvass,Military
SodaCan_Kvass,Town
SodaCan_Kvass,Village
SodaCan_Pipsi,Military
SodaCan_Pipsi,Town
SodaCan_Pipsi,Village
SodaCan_Spite,Military
SodaCan_Spite,Town
SodaCan_Spite,Village
SpaghettiCan,Village
SpaghettiCan,Town
SparkPlug,Industrial
SparkPlug,Firefighter
SportGlasses_Black,Village
SportGlasses_Black,Town
SportGlasses_Blue,Village
SportGlasses_Blue,Town
SportGlasses_Green,Village
SportGlasses_Green,Town
SportGlasses_Orange,Village
SportGlasses_Orange,Town
Spotlight,Industrial
SSG82,Military
Ssh68Helmet,Military
StarlightOptic,Military
StartKitIV,Medic
SteakKnife,Town
SteakKnife,Farm
SteakKnife,Village
SteakKnife,Coast
SteakKnife,Hunting
Stone,Farm
Stone,Village
Stone,Coast
Stone,Hunting
Stone,Industrial
StunBaton,Military
StunBaton,Police
SurgicalGloves_Blue,Medic
SurgicalGloves_Green,Medic
SurgicalGloves_LightBlue,Medic
SurgicalGloves_White,Medic
SurgicalMask,Medic
SV98,Military
Sweater_Blue,Village
Sweater_Blue,Town
Sweater_Gray,Village
Sweater_Gray,Town
Sweater_Green,Village
Sweater_Green,Town
Sweater_Red,Village
Sweater_Red,Town
Sword,Military
TLRLight,Military
TLRLight,Police
Tshirt_10thAnniversary,SeasonalEvent
TShirt_Beige,Farm
TShirt_Beige,Village
TShirt_Beige,Town
TShirt_Black,Farm
TShirt_Black,Village
TShirt_Black,Town
TShirt_Blue,Farm
TShirt_Blue,Village
TShirt_Blue,Town
TShirt_Green,Farm
TShirt_Green,Village
TShirt_Green,Town
TShirt_Grey,Farm
TShirt_Grey,Village
TShirt_Grey,Town
TShirt_OrangeWhiteStripes,Farm
TShirt_OrangeWhiteStripes,Village
TShirt_OrangeWhiteStripes,Town
TShirt_Red,Farm
TShirt_Red,Village
TShirt_Red,Town
TShirt_RedBlackStripes,Farm
TShirt_RedBlackStripes,Village
TShirt_RedBlackStripes,Town
TShirt_White,Farm
TShirt_White,Village
TShirt_White,Town
TTSKOBoots,Military
TTSKOPants,Military
TTsKOJacket_Camo,Military
TacticalBaconCan,Military
TacticalBaconCan,Police
TacticalBaconCan,Hunting
TacticalGloves_Beige,Military
TacticalGloves_Beige,Police
TacticalGloves_Black,Military
TacticalGloves_Green,Military
TacticalGloves_Green,Police
TacticalGoggles,Military
TacticalShirt_Black,Military
TacticalShirt_Grey,Military
TacticalShirt_Grey,Police
TacticalShirt_Olive,Military
TacticalShirt_Olive,Police
TacticalShirt_Tan,Military
TacticalShirt_Tan,Police
TaloonBag_Blue,Town
TaloonBag_Blue,School
TaloonBag_Blue,Farm
TaloonBag_Blue,Village
TaloonBag_Green,Town
TaloonBag_Green,School
TaloonBag_Green,Farm
TaloonBag_Green,Village
TaloonBag_Orange,Town
TaloonBag_Orange,School
TaloonBag_Orange,Farm
TaloonBag_Orange,Village
TaloonBag_Violet,Town
TaloonBag_Violet,School
TaloonBag_Violet,Farm
TaloonBag_Violet,Village
TankerHelmet,Military
TelnyashkaShirt,Town
TetracyclineAntibiotics,Coast
TetracyclineAntibiotics,Hunting
TetracyclineAntibiotics,Medic
Thermometer,Town
Thermometer,Farm
Thermometer,Village
Thermometer,Medic
ThickFramesGlasses,Village
ThinFramesGlasses,Village
TireRepairKit,Industrial
Tomato,Farm
Tomato,Village
Tomato,Coast
TomatoSeedsPack,Farm
TomatoSeedsPack,Village
TomatoSeedsPack,Industrial
TortillaBag,Military
TortillaBag_Winter,Military
TrackSuitJacket_Black,Town
TrackSuitJacket_Black,Farm
TrackSuitJacket_Black,Village
TrackSuitJacket_Blue,Town
TrackSuitJacket_Blue,Farm
TrackSuitJacket_Blue,Village
TrackSuitJacket_Green,Town
TrackSuitJacket_Green,Farm
TrackSuitJacket_Green,Village
TrackSuitJacket_LightBlue,Town
TrackSuitJacket_LightBlue,Farm
TrackSuitJacket_LightBlue,Village
TrackSuitJacket_Red,Town
TrackSuitJacket_Red,Farm
TrackSuitJacket_Red,Village
TrackSuitPants_Black,Town
TrackSuitPants_Black,Farm
TrackSuitPants_Black,Village
TrackSuitPants_Blue,Town
TrackSuitPants_Blue,Farm
TrackSuitPants_Blue,Village
TrackSuitPants_Green,Town
TrackSuitPants_Green,Farm
TrackSuitPants_Green,Village
TrackSuitPants_LightBlue,Town
TrackSuitPants_LightBlue,Farm
TrackSuitPants_LightBlue,Village
TrackSuitPants_Red,Town
TrackSuitPants_Red,Farm
TrackSuitPants_Red,Village
Tripod,Town
Tripod,Farm
Tripod,Village
Tripod,Coast
Tripod,Hunting
Tripod,Industrial
TruckBattery,Industrial
Truck_01_Door_1_1_BlueRust,Industrial
Truck_01_Door_1_1_BlueRust,Farm
Truck_01_Door_1_1_GreenRust,Industrial
Truck_01_Door_1_1_GreenRust,Farm
Truck_01_Door_1_1_OrangeRust,Industrial
Truck_01_Door_1_1_OrangeRust,Farm
Truck_01_Door_2_1_BlueRust,Industrial
Truck_01_Door_2_1_BlueRust,Farm
Truck_01_Door_2_1_GreenRust,Industrial
Truck_01_Door_2_1_GreenRust,Farm
Truck_01_Door_2_1_OrangeRust,Industrial
Truck_01_Door_2_1_OrangeRust,Farm
Truck_01_Hood_BlueRust,Industrial
Truck_01_Hood_BlueRust,Farm
Truck_01_Hood_GreenRust,Industrial
Truck_01_Hood_GreenRust,Farm
Truck_01_Hood_OrangeRust,Industrial
Truck_01_Hood_OrangeRust,Farm
Truck_01_Door_1_1,Industrial
Truck_01_Door_1_1,Farm
Truck_01_Door_1_1_Blue,Industrial
Truck_01_Door_1_1_Blue,Farm
Truck_01_Door_1_1_Orange,Industrial
Truck_01_Door_1_1_Orange,Farm
Truck_01_Door_2_1,Industrial
Truck_01_Door_2_1,Farm
Truck_01_Door_2_1_Blue,Industrial
Truck_01_Door_2_1_Blue,Farm
Truck_01_Door_2_1_Orange,Industrial
Truck_01_Door_2_1_Orange,Farm
Truck_01_Hood,Industrial
Truck_01_Hood,Farm
Truck_01_Hood_Blue,Industrial
Truck_01_Hood_Blue,Farm
Truck_01_Hood_Orange,Industrial
Truck_01_Hood_Orange,Farm
Truck_01_Wheel,Industrial
Truck_01_Wheel,Farm
TunaCan,Village
TunaCan,Town
UKAssVest_Black,Military
UKAssVest_Camo,Military
UKAssVest_Khaki,Military
UKAssVest_Khaki,Police
UKAssVest_Olive,Military
UKAssVest_Olive,Police
UKAssVest_Winter,Military
UMP45,Military
UMP45,Police
USMCJacket_Desert,Military
USMCJacket_Woodland,Military
USMCPants_Desert,Military
USMCPants_Woodland,Military
UniversalLight,Military
UniversalLight,Police
UnknownFoodCan,Military
UnknownFoodCan,Police
UnknownFoodCan,Town
UnknownFoodCan,Office
UnknownFoodCan,Farm
UnknownFoodCan,Village
UnknownFoodCan,Coast
UnknownFoodCan,Hunting
UnknownFoodCan,Industrial
UnknownFoodCan,Prison
Ushanka_Black,Military
Ushanka_Black,Village
Ushanka_Black,Coast
Ushanka_Black,Hunting
Ushanka_Blue,Military
Ushanka_Blue,Village
Ushanka_Blue,Coast
Ushanka_Blue,Hunting
Ushanka_Green,Military
Ushanka_Green,Village
Ushanka_Green,Coast
Ushanka_Green,Hunting
Vikhr,Military
VSS,Military
VSS,Police
VitaminBottle,Military
VitaminBottle,Town
VitaminBottle,Farm
VitaminBottle,Village
VitaminBottle,Coast
VitaminBottle,Hunting
VitaminBottle,Industrial
VitaminBottle,Firefighter
VitaminBottle,Medic
WaterBottle,Town
WaterBottle,Farm
WaterBottle,Village
WaterBottle,Coast
WaterBottle,Hunting
WaterBottle,Industrial
WaterproofBag_Green,Coast
WaterproofBag_Orange,Coast
WaterproofBag_Yellow,Coast
WeaponCleaningKit,Military
WeaponCleaningKit,Police
WeaponCleaningKit,Hunting
WeldingMask,Industrial
Wellies_Black,Farm
Wellies_Black,Village
Wellies_Brown,Farm
Wellies_Brown,Village
Wellies_Green,Farm
Wellies_Green,Village
Wellies_Grey,Farm
Wellies_Grey,Village
Whetstone,Farm
Whetstone,Village
Whetstone,Coast
Whetstone,Hunting
Whetstone,Industrial
Winchester70,Town
Winchester70,Farm
Winchester70,Village
Winchester70,Hunting
WitchHat,SeasonalEvent
WitchHood_Black,SeasonalEvent
WitchHood_Brown,SeasonalEvent
WitchHood_Red,SeasonalEvent
WinterCoif_Black,Village
WinterCoif_Blue,Village
WinterCoif_Green,Village
WinterCoif_Skull,Village
WoolGlovesFingerless_ChristmasBlue,SeasonalEvent
WoolGlovesFingerless_ChristmasRed,SeasonalEvent
WoolGloves_ChristmasBlue,SeasonalEvent
WoolGloves_ChristmasRed,SeasonalEvent
WomanSuit_Beige,Town
WomanSuit_Black,Town
WomanSuit_Blue,Town
WomanSuit_Brown,Town
WomanSuit_DarkGrey,Town
WomanSuit_Khaki,Town
WomanSuit_LightGrey,Town
WomanSuit_White,Town
WoodAxe,Farm
WoodAxe,Village
WoodAxe,Coast
WoodAxe,Firefighter
WoodAxe,Industrial
WoolGlovesFingerless_White,Farm
WoolCoat_Beige,Town
WoolCoat_Beige,Farm
WoolCoat_Beige,Village
WoolCoat_Beige,Industrial
WoolCoat_Black,Town
WoolCoat_Black,Farm
WoolCoat_Black,Village
WoolCoat_Black,Industrial
WoolCoat_BlackCheck,Town
WoolCoat_BlackCheck,Farm
WoolCoat_BlackCheck,Village
WoolCoat_BlackCheck,Industrial
WoolCoat_Blue,Town
WoolCoat_Blue,Farm
WoolCoat_Blue,Village
WoolCoat_Blue,Industrial
WoolCoat_BlueCheck,Town
WoolCoat_BlueCheck,Farm
WoolCoat_BlueCheck,Village
WoolCoat_BlueCheck,Industrial
WoolCoat_BrownCheck,Town
WoolCoat_BrownCheck,Farm
WoolCoat_BrownCheck,Village
WoolCoat_BrownCheck,Industrial
WoolCoat_Green,Town
WoolCoat_Green,Farm
WoolCoat_Green,Village
WoolCoat_Green,Industrial
WoolCoat_GreyCheck,Town
WoolCoat_GreyCheck,Farm
WoolCoat_GreyCheck,Village
WoolCoat_GreyCheck,Industrial
WoolCoat_Red,Town
WoolCoat_Red,Farm
WoolCoat_Red,Village
WoolCoat_Red,Industrial
WoolCoat_RedCheck,Town
WoolCoat_RedCheck,Farm
WoolCoat_RedCheck,Village
WoolCoat_RedCheck,Industrial
WoolGlovesFingerless_Black,Farm
WoolGlovesFingerless_Black,Village
WoolGlovesFingerless_Green,Coast
WoolGlovesFingerless_Green,Hunting
WoolGlovesFingerless_Tan,Military
WoolGlovesFingerless_Tan,Police
WoolGloves_Black,Military
WoolGloves_Black,Police
WoolGloves_Green,Coast
WoolGloves_Green,Hunting
WoolGloves_Tan,Military
WoolGloves_Tan,Police
WoolGloves_White,Military
WorkingBoots_Beige,Industrial
WorkingBoots_Brown,Industrial
WorkingBoots_Green,Industrial
WorkingBoots_Grey,Industrial
WorkingBoots_Yellow,Industrial
WorkingGloves_Beige,Town
WorkingGloves_Beige,Farm
WorkingGloves_Beige,Village
WorkingGloves_Beige,Industrial
WorkingGloves_Black,Town
WorkingGloves_Black,Farm
WorkingGloves_Black,Village
WorkingGloves_Black,Industrial
WorkingGloves_Brown,Town
WorkingGloves_Brown,Farm
WorkingGloves_Brown,Village
WorkingGloves_Brown,Industrial
WorkingGloves_Yellow,Town
WorkingGloves_Yellow,Farm
WorkingGloves_Yellow,Village
WorkingGloves_Yellow,Industrial
Wrench,Industrial
XmasLights,Town
Zagorky,Office
Zagorky,School
Zagorky,Village
Zagorky,Hunting
Zagorky,Lunapark
ZagorkyChocolate,Farm
ZagorkyChocolate,Village
ZagorkyChocolate,Hunting
ZagorkyChocolate,Coast
ZagorkyChocolate,Town
ZagorkyPeanuts,Military
ZagorkyPeanuts,Town
ZagorkyPeanuts,Office
ZagorkyPeanuts,School
ZagorkyPeanuts,Village
ZagorkyPeanuts,Hunting
ZagorkyPeanuts,Lunapark
ZSh3PilotHelmet,Military
ZmijovkaCap_Black,Farm
ZmijovkaCap_Black,Village
ZmijovkaCap_Black,Industrial
ZmijovkaCap_Blue,Farm
ZmijovkaCap_Blue,Village
ZmijovkaCap_Blue,Industrial
ZmijovkaCap_Brown,Farm
ZmijovkaCap_Brown,Village
ZmijovkaCap_Brown,Industrial
ZmijovkaCap_Green,Farm
ZmijovkaCap_Green,Village
ZmijovkaCap_Green,Industrial
ZmijovkaCap_Red,Farm
ZmijovkaCap_Red,Village
ZmijovkaCap_Red,Industrial
Zucchini,Farm
Zucchini,Village
Zucchini,Town
ZucchiniSeedsPack,Farm
ZucchiniSeedsPack,Village
ZucchiniSeedsPack,Industrial
Land_jmc_van_pinkies,Military
Land_jmc_van_pinkies,Farm
Land_jmc_van_pinkies,Village
Land_jmc_van_pinkies,Hunting
Land_jmc_van_pinkies,Town
Fwinkies,Town
Fwinkies,Farm
Fwinkies,Village
Land_jmc_van_ambulance,Medic
Jmc_Keycard,Special
Jmc_Keycard2,Crypt
jmc_mjolnir_head,TempleMjHead
jmc_mjolnir_handle,TempleMjHandle
jmc_SnowOwl,Crypt
jmc_plants_fern_a_leaf,PlantsA
jmc_plants_fern_b_leaf,PlantsB
jmc_plants_fern_c_leaf,PlantsC
jmc_SnowOwl_Optic,Military
jmc_SnowOwl_Mag,Military
jmc_SnowOwl_Ammo,Military
jmc_Prototype_Mag,Military
jmc_Prototype_Optic_Red,Military
jmc_Prototype_Optic_White,Military
jmc_Prototype_Optic_Blue,Military
ttcelticaxe_Simple,Military
ttak458,Military
ttak458_Gold,Military
ttak458poli,Military
ttar9,Military
ttbar,Military
ttgarand,Military
ttr700,Military
ttr700mag,Military
ttrpd,Military
ttrpdmag,Military
ttscarl,Military
ttscarl_Tan,Military
ttsok94,Military
ttstg44,Military
tt870,Military
tt870,Police
ttagram,Military
ttagram,Police
ttp90,Military
ttp90_Tan,Military
ttp90mag,Military
ots71,Military
ots71,Police
aek,Military
avs36,Hunting
higgins,Coast
higgins,Hunting
junkak,Military
kar98,Military
kar98,Hunting
marlin,Farm
marlin,Village
JMC_BoxCerealCrunchin_Paulies,Village
JMC_BoxCerealCrunchin_Paulies,Town
JMC_Radio_CassetteTape_MusicTape3,Military
jmc_Prototype_White,Underground
jmc_Prototype_Blue,Crypt
jmc_Prototype_Red,Military
ESP_M14,Military
ESP_M14_Black,Military
ESP_M110,Military
ESP_M110,Underground
ESP_M110_Tan,Military
ESP_M110_Green,Military
ESP_G36C,Military
ESP_G36C,Police
SRP_GreatBattleAxe,Military
SRP_GreatBattleAxe_Phantom,Military
ttbaseballbat_Simple,School
ttbaseballbat_Simple,Farm
ttbaseballbat_Simple,Village
ttbaseballbat_Simple,Industrial
jmc_Military_Mountain_Boots_Black,Military
jmc_Military_Mountain_Boots_Black,Hunting
jmc_Military_Mountain_Boots_Bluerock,Military
jmc_Military_Mountain_Boots_Brown,Military
jmc_Military_Mountain_Boots_Redpunk,Military
SRP_KarambitKnife,Military
SRP_KarambitKnife_Red,Military
SRP_KarambitKnife_Blue,Military
SRP_BeanBasher,Industrial
SRP_BerserkSword,Military
SRP_FireyGreatsword_Basic,Military
SRP_GladiusSword_Ornamental,Military
SRP_KatanaSlim,Military
SRP_KatanaSlim_Sheath,Military
SRP_SnakeDagger,Town
SRP_SnakeDagger,Farm
SRP_SnakeDagger,Village
SRP_SnakeDagger,Industrial
SRP_Viking_Axe,Military
SRP_WarCleaver,Military
SRP_WarHammer_Basic_Wood,Military
SRP_WarHammer_Brutal_Basic,Military
SRP_WitcherSword_Basic,Military
tantosword_Simple,Military
tbladed_Simple,Town
tbladed_Simple,Farm
tbladed_Simple,Village
tbladed_Simple,Coast
tbladed_Simple,Hunting
tbladed_Simple,Industrial
SRP_Trenchknife,Military
SRP_Dynamite_Stick,Military
SRP_Dynamite_Stack,Military
SRP_Staff_Skull_Basic,Staff
ADM_Divingtank,Military
ADM_Divingtank,Coast
ADM_Divingtank,Industrial
ADM_Divingtank,Firefighter
ADM_Flippers,Coast
ADM_Flippers,Industrial
ADM_Flippers,Firefighter
ADM_Snorkel,Coast
ADM_Snorkel,Industrial
ADM_Snorkel,Firefighter
ADM_Divinghelmet,Coast
ADM_Divinghelmet_Old,Military
ADM_Divingsuit,Coast
ADM_Compressor,Military
ADM_Compressor,Industrial
ADM_Compressor,Firefighter
jmc_GPSReceiver,Military
jmc_grenade_smokey,SMK
jmc_grenade_z,Military
JMC_Book_KMUC,Military
JMC_Book_PROTOTYPE,Military
JMC_Book_NAMALSK,Military
JMC_Book_DIARYFROST,Military
JMC_Book_DIARYHCRINCI,Military
JMC_Book_DIARYBARINGER,Military
JMC_Book_DIARYCARGO,Military
JMC_Book_STAFF,Military
JMC_Book_DIARYTELEPORT,Military
JMC_Book_DIARYLOVE,Military
JMC_Book_ARCTICA,Military
JMC_Book_QIS,Military
STAG_CombatKnife,Military
STAG_Clothing_6sh118,Military
STAG_Teddybear_brown,Military
STAG_Teddybear_black,Military
STAG_Clothing_Armband,Military
STAG_Clothing_ArmyBackpack,Military
STAG_Clothing_Cap,Military
STAG_Clothing_Beret,Military
STAG_Clothing_Boots,Military
STAG_Clothing_Boots_PT,Military
STAG_Clothing_CoyoteBag,Military
STAG_Clothing_DryBag,Coast
STAG_Flag_Mirrored,Military
STAG_Clothing_TacticalGloves,Military
STAG_Clothing_TacticalGloves_PT,Military
STAG_Clothing_PlateCarrierHolster,Military
STAG_Clothing_M65_Jacket,Military
STAG_Clothing_M65_Jacket_PT,Military
STAG_Clothing_MountainBag,Military
STAG_Clothing_MountainBag,Hunting
STAG_Clothing_Cargo_Pants,Military
STAG_Clothing_Cargo_Pants_PT,Military
STAG_Clothing_Pouches,Military
STAG_Clothing_Pouches_PT,Military
STAG_Clothing_Vest,Military
STAG_Clothing_Vest_PT,Military
STAG_Clothing_PlateCarrier,Military
STAG_Clothing_PlateCarrier_PT,Military
ESP_RIS_Adapter,Military
STG_AK_RIS_Adapter,Military
STG_AK_Stck_Adapter,Military
SRP_PistolSuppressor_Golden,Military
STG_PBS5_Suppressor,Military
STG_PBS5_Suppressor,Police
ESP_Wrapped_Suppressor,Military
ESP_Wrapped_Suppressor_Green,Military
ESP_Wrapped_Suppressor_Black,Military
ESP_Tac_Craftsmen,Military
ESP_Long_Range,Military
ESP_Hunter,Hunting
ESP_Short_Range,Military
ESP_Spectre,Military
ESP_RedDot,Military
ESP_RedDot,Police
jmc_atv_Wheel,Industrial
